pharmacy_name,address,city,postal_code,phone,fax
108 STOP PHARMACY,13444 108 Ave,Surrey,V3T 2K1,(604) 957-0711,(604) 953-1700
1HEALTH PHARMACY,112 - 15315 66 Avenue,Surrey,V3S 2A1,(778) 914-5000,(236) 598-3956
360CARE DENMAN PHARMACY,683 Denman St,Vancouver,V6G 2L3,(604) 683-6933,(604) 683-6968
49TH PARALLEL PHARMACY,15229 Russell Ave,White Rock,V4B 5C3,(778) 294-7737,(778) 294-8847
8TH STREET PHARMACY,"Unit 202A, 780 Windsor Avenue",Kamloops,V2B 2B6,(778) 470-9345,(778) 470-9346
AARONSON'S PHARMACY (COOK ST.) LTD.,102-1711 Cook St,Victoria,V8T 3P2,(250) 383-6511,(250) 383-1353
ABBOTSFORD PHARMACY,104 - 2596 McMillan Rd,Abbotsford,V3G 1C4,(778) 314-1014,(778) 314-1016
ABBY PHARMACY,#100 - 2845 Cruickshank Street,Abbotsford,V2T 6X1,(604) 504-0060,(604) 504-0616
ACCURX DRUGSTORE 001,106 - 1849 Dufferin Crescent,Nanaimo,V9S 0B1,(250) 591-2912,(250) 591-2914
ACKROYD PHARMACY,160 - 8100 Ackroyd Rd,Richmond,V6X 3K2,(604) 207-9972,(604) 207-9080
AGASSIZ PHARMACY,7046 Pioneer Ave,Agassiz,V0M 1A0,(604) 491-1070,(604) 491-1071
ALBERNI PHARMACY,4760 Johnston Rd,Port Alberni,V9Y 5M3,(778) 419-3784,(778) 419-3785
ALBERTO PHARMACY # 1,2516 Commercial Dr,Vancouver,V5N 4C2,(604) 873-4111,(604) 873-6734
ALBERTO PHARMACY NO. 2,#101 - 2620 Commercial Dr,Vancouver,V5N 4C4,(604) 879-8481,(604) 879-8482
ALDERGROVE COMMUNITY PHARMACY,27105 Fraser Hwy,Aldergrove,V4W 3R2,(604) 607-7404,(604) 607-7454
ALERT BAY DRUGS,90 Fir Street,Alert Bay,V0N 1A0,(250) 974-5712,(250) 974-2199
ALL CURE PHARMACY,101 - 12827 76 Ave,Surrey,V3W 2V3,(778) 592-2500,(778) 592-2501
ALOUETTE PHARMACY,8 - 11937 227 St,Maple Ridge,V2X 6J4,(604) 467-3784,(604) 467-3714
AMAICARE PHARMACY CLINIC,102 - 1010 Talasa Way,Kamloops,V2H 0G1,(778) 471-9711,(778) 471-9712
ANCHOR COMPOUNDING PHARMACY,105 - 1450 Waddington Rd,Nanaimo,V9S 4V9,(250) 591-4411,(250) 591-4011
ANDERSON'S PHARMACY,127 3rd St W,North Vancouver,V7M 1E7,(604) 988-5271,(604) 998-1271
ANDREEN'S PHARMACY,101 - 879 Anders Road,West Kelowna,V1Z 1K2,(250) 769-2014,(250) 769-2054
APEX PHARMACY,Unit 1A - 32943 Marshall Rd,Abbotsford,V2S 1J8,(604) 870-0171,(604) 870-0172
ARGYLE PHARMACY,3054 3rd Avenue,Port Alberni,V9Y 2A5,778-421-3333,778-421-1919
ARMSTRONG PHARMACY AND WELLNESS CENTRE,#5 - 3300 Smith Drive,Armstrong,V0E 1B1,(250) 546-3195,(250) 546-3894
ASHER PHARMACY & CLINIC,207 Asher Rd,Kelowna,V1X 3H5,(250) 223-0101,(877) 651-0256
ASKEW'S PHARMACY,2701 11 Ave NE,Salmon Arm,V1E 2S3,(250) 832-7655,(250) 832-7656
ASPEN REMEDY'SRX PHARMACY,102 - 2099 152 St,Surrey,V4A 4N7,(604) 560-2720,(604) 560-2722
ASTRAL I.D.A. PHARMACY,111 - 3101 Highway 6,Vernon,V1T 9H6,(250) 541-1999,(250) 541-1777
ATLAS DRUG MART,713A Goldstream Ave,Victoria,V9B 2X4,(250) 391-2964,(250) 391-2911
BAINS PHARMACY LTD.,8681 120 St,Delta,V4C 6R4,(604) 543-0911,(604) 507-0988
BALANCED HEALTH INTEGRATIVE PHARMACY,135 Lonsdale Ave,North Vancouver,V7M 2E7,(604) 971-4075,(604) 971-4074
BARNET PHARMACY,3-2773 Barnet Hwy,Coquitlam,V3B 1C2,(604) 468-4038,(604) 468-4091
BAY PHARMACY,6355 Bruce St,West Vancouver,V7W 2G5,(604) 305-0330,(604) 281-0330
BAYSHORE PHARMACY,7313 Meadow Ave,Burnaby,V5J 4Z2,1-855-237-2473,1-855-233-3146
BC DRUGS PHARMACY,9618 Cameron St,Burnaby,V3J 1M2,(604) 422-8216,(604) 422-8221
BELL PHARMACY,10519 King George Blvd,Surrey,V3T 2X1,(604) 585-3355,(604) 585-3350
BELMONT PRESCRIPTION X-PRESS,609 Belmont Street,New Westminster,V3M 5Z9,(604) 245-6200,(604) 245-6213
BEST CARE PHARMACY,101 - 12181 Harris Rd,Pitt Meadows,V3Y 2E9,(604) 262-4949,(604) 398-4937
BEST VALUE PHARMACY,477 Terminal Ave N,Nanaimo,V9S 4J8,(236) 897-0737,(236) 938-2980
BEST VALUE PHARMACY #2,101-660 Beach Rd,Qualicum Beach,V9K 2R1,(250) 909-0290,(236) 935-2984
BEST VALUE PHARMACY #3,111-2197 Otter Point Rd,Sooke,V9Z 1R9,(778) 352-5033,(236) 915-2907
BETA PHARMACY,104A-3701 Hastings St,Burnaby,V5C 2H6,(604) 299-6004,(604) 299-5004
BEYOND PHARMACY,#101 - 19211 Fraser Hwy,Surrey,V3S 7C9,(604) 245-6069,(604) 245-6102
BEYOND PHARMACY 2,#150 - 1575 McCallum Rd,Abbotsford,V2S 0K2,(604) 529-7600,(604) 529-7603
BIOPRO BIOLOGICS PHARMACY,845 Broadway W,Vancouver,V5Z 1J9,(778) 379-8161,(778) 379-8160
BIOSCRIPT PHARMACY LTD.,"13151 Vanier Place, Suite 180",Richmond,V6V 2J1,(604) 214-3784,(604) 244-3784
BIOSENSE COMPOUNDING PHARMACY,208-6011 Westminster Hwy,Richmond,V7C 4V4,(604) 278-7955,(604) 278-7960
BLACK'S PHARMACY,2037 Quilchena Ave.,Merritt,V1K 1B8,(250) 378-2155,(250) 378-4884
BONSOR PHARMACY,#107 - 6411 Nelson Avenue,Burnaby,V5H 4H3,(604) 431-8877,(604) 430-4700
BOOMER DRUGS,8574 Granville St,Vancouver,V6P 4Z7,(604) 266-9010,(604) 568-9838
BORDER PHARMACY,3401 E Hastings St,Vancouver,V5K 2A5,(877) 393-9265,(604) 336-9805
BRENTWOOD PHARMACY,4451 Lougheed Hwy,Burnaby,V5C 3Z2,(604) 564-3334,(604) 564-3335
BROOKSWOOD REMEDY'S RX PHARMACY #2,105-4061 200th St,Langley,V3A 1K8,(604) 427-4377,(604) 427-4378
BROOKSWOOD REMEDY'SRX,100 - 20103 40 Ave,Langley,V3A 2W3,(604) 427-2140,(604) 427-2141
BUDGET PHARMACY,5-301 Festubert St,Duncan,V9L 3T1,(250) 597-7751,(250) 597-7752
BURKE MOUNTAIN PHARMACY,110 - 1465 Salisbury Ave,Port Coquitlam,V3B 6J3,(604) 941-5575,(604) 941-5576
BURNABY PHARMACY,100A - 3300 Boundary Rd,Burnaby,V5M 0A8,(604) 453-0136,(604) 453-0137
BURNABY SQUARE PHARMACY,#107 - 7885 6th St,Burnaby,V3N 3N4,(604) 523-1400,(604) 523-1404
C.R.C. DRUGS,1008 - 8181 Cambie Road,Richmond,V6X 3X9,(604) 285-2555,(604) 285-2556
CAMBIE VILLAGE PHARMACY,3025 Cambie St,Vancouver,V5Z 4N2,(604) 630-6900,(604) 630-7066
CAMPBELL HEIGHTS PHARMACY,Unit 109 - 2677 192 Street,Surrey,V3Z 3X1,(604) 924-7445,(604) 634-7472
CAMPBELL RIVER HEALTH & DRUG STORE,Unit B1B - 465 Merecroft Rd,Campbell River,V9W 6K6,(250) 286-1771,(250) 286-4662
CANDRUG,#202 - 8322 130 St,Surrey,V3W 8J9,(604) 543-8711,(604) 507-8706
CANPHARM DRUGS,5853 Victoria Drive,Vancouver,V5P 3W5,(604) 321-5133,(604) 324-4510
CAP PHARMACY,155 - 8155 Capstan Way,Richmond,V6X 0V3,(236) 987-7788,(604) 227-7082
CAPILANO PHARMACY,2003 Curling Rd,North Vancouver,V7P 0E5,(604) 969-2316,(778) 309-6211
CAPITOL HILL PHARMACY,4656 Hastings St,Burnaby,V5C 2K5,(604) 299-9255,(604) 299-9257
CARE BOOST PHARMACY,#101 - 9450 120 St,Surrey,V3V 4B9,(604) 582-5111,(604) 582-6262
CARE BOOST PHARMACY #2,#101 - 13190 58A Ave,Surrey,V3X 0E4,(604) 630-6895,(604) 630-6896
CARE FIRST PHARMACY,7612 6th Street,Burnaby,V3N 0G6,(604) 553-8611,(604) 553-8610
CARE IN MOTION PHARMACY,2 - 9880 120 St,Surrey,V3V 4C9,(604) 496-2225,(604) 496-2234
CARE N CURE PHARMACY,177 - 8138 128 St,Surrey,V3W 1R1,(604) 598-3233,(604) 598-3234
CARECO'S PHARMACY,108-22633 Selkirk Ave,Maple Ridge,V2X 1C7,(778) 375-6299,(778) 602-2985
CAREMED PHARMACY,920 Pandora Ave,Victoria,V8V 3P3,(250) 380-2212,(250) 380-4959
CARERX BURNABY,8525 Commerce Crt,Burnaby,V5A 4N3,(604) 872-6762,(604) 872-6764
CARERX KELOWNA,120 - 3515 Spectrum Crt,Kelowna,V1V 2Z1,(250) 807-6725,(250) 807-6699
CARERX PARKSVILLE,"Units 1 & 2, 1176 Franklin's Gull Rd",Parksville,V9P 2M9,(250) 954-3666,(250) 954-3633
CARERX VICTORIA,570 Bay St,Victoria,V8T 1P9,(250) 590-3778,(778) 430-5988
CAREVILLE PHARMACY FLEETWOOD,107 - 8927 152 St,Surrey,V3R 4E5,(604) 634-1074,(604) 634-1075
CARMI REMEDY'SRX,25 - 725 Carmi Ave,Penticton,V2A 3G8,(778) 476-0010,(778) 476-0944
CARVOLTH PHARMACY,#120 - 20290 86 Ave,Langley,V2Y 3L6,(778) 298-9618,(778) 298-9621
CASCADE PHARMACY,Unit A - 46298 Yale Rd,Chilliwack,V2P 2P6,(604) 795-6122,(604) 795-3065
CEDAR VALLEY PHARMACY,201 - 32818 7th Ave,Mission,V2V 2C3,1-866-287-7929,1-866-287-8329
CEDAR VALLEY PHARMACY - CENTRAL FILL,1517 W 57th Ave,Vancouver,V6P 6E9,(604) 566-1517,(604) 566-1515
CENTRAL COMPOUND PHARMACY,803 E Hasting St,Vancouver,V6A 1R8,(236) 326-0928,(236) 326-0929
CENTRAL DRUGS - BEBAN PLAZA,#16 - 2220 Bowen Road,Nanaimo,V9S 1H9,(250) 758-7711,(250) 758-7765
CENTRAL DRUGS - BRICKYARD,#101 - 6010 Brickyard Road,Nanaimo,V9V 1S5,(250) 751-2576,(250) 751-2439
CENTRAL DRUGS - COLVILE,102-1515 Dufferin Cres,Nanaimo,V9S 5H6,(778) 441-5140,(778) 441-5141
CENTRAL DRUGS - DUFFERIN,#101 - 1125 Dufferin Cr.,Nanaimo,V9S 2B5,(250) 716-0063,(250) 716-0005
CENTRAL DRUGS - DUNSMUIR,495 Dunsmuir St,Nanaimo,V9R 6B9,(250) 753-6401,(250) 753-6487
CENTRAL DRUGS - LANTZVILLE,"7186 Lantzville Rd, Box 328",Lantzville,V0R 2H0,(250) 390-4423,(250) 390-4425
CENTRAL DRUGS - PACIFIC STATION,103 - 5160 Dublin Way,Nanaimo,V9T 0H2,(250) 585-6178,(250) 585-6179
CENTRAL PARK PHARMACY,3963 Kingsway,Burnaby,V5H 1Y7,(604) 433-0110,(604) 432-9327
CENTRAL PHARMACY SERVICES #5305,102-7635 North Fraser Way,Burnaby,V5J 0B8,(604) 430-4696,(604) 430-5447
CHEMMART PHARMACY,1900 - 8171 Ackroyd Rd,Richmond,V6X 3K1,(604) 270-9091,(604) 270-9092
CHEMMART PHARMACY NO.2,165-8119 Park Rd,Richmond,V6Y 0M5,(604) 918-7818,(604) 918-7817
CHIEF LOUIS PHARMACY LTD.,#304-302 Yellowhead Highway,Kamloops,V2H 0E8,(778) 943-1640,(778) 943-1740
CHILLIWACK PHARMACY,101- 45863 Yale Rd,Chilliwack,V2P 2N6,(604) 402-3100,(604) 402-3101
CHOICES PHARMACY,105 - 9093 King George Blvd.,Surrey,V3V 5V7,(604) 593-5322,(604) 593-5320
CITY CENTRE PHARMACY,110-187 Nanaimo Ave W,Penticton,V2A 1N2,(250) 770-0047,(250) 770-8853
CITY PHARMACY,108-7475 135 Street,Surrey,V3W 0M8,(778) 369-3733,(604) 503-1956
CITYMED PHARMACY,4 - 1493 Foster St,White Rock,V4B 0C4,(604) 385-1490,(604) 385-1491
CITYMED PHARMACY #2,#107 - 14818 60 Ave,Surrey,V3S 0B5,(604) 593-8866,(604) 593-8865
CLAYTON HEIGHTS CARE FIRST PHARMACY,Unit #101 19390 68 Ave,Surrey,V4N 6A9,(604) 510-3549,(604) 510-3568
CLAYTON HEIGHTS PHARMACY,102 - 7170 188 St,Surrey,V4N 6R4,(604) 372-3808,(604) 372-3812
CLINIC DRUG STORE,"Medical Building, 816 - 103rd Ave.",Dawson Creek,V1G 2E9,(250) 782-3100,(250) 782-8120
CLOUD PHARMACY,4918 Victoria Drive,Vancouver,V5P 3T6,(604) 558-1690,(604) 558-1691
COAL HARBOUR PHARMACY,Unit B - 622 Bute St,Vancouver,V6E 3M1,(604) 336-3038,(604) 336-3044
COASTAL CARE PHARMACY,101 - 10183 152A St,Surrey,V3R 4H6,(604) 588-0484,(604) 588-0485
COASTAL CARE PHARMACY #2,103 - 15420 Fraser Hwy,Surrey,V3R 3P5,(604) 589-9064,(604) 589-9066
COASTAL CARE PHARMACY #3,104 - 5795 176 Street,Surrey,V3S 4E1,(604) 283-9002,(778) 547-6250
COASTAL CARE PHARMACY #4,118-18525 53 Ave,Surrey,V3S 7A4,(236) 607-0531,(604) 227-7688
CO-DRUG MART PHARMACY,4-100 Lombardy St,Parksville,V9P 0G4,(250) 951-9699,(250) 951-9690
COLLINGWOOD PHARMACY,2732 41st Ave E,Vancouver,V5R 2X1,(604) 428-6455,(604) 428-6457
COLUMBIA PRESCRIPTION X-PRESS,317 Columbia St E,New Westminster,V3L 3W8,(604) 525-3784,(604) 525-3734
COLUMBIA ST. PHARMACY,"Columbia 300, #112 - 300 Columbia St",Kamloops,V2C 6L1,(778) 471-5971,(778) 471-5973
COMMON GOOD PHARMACY,105-3610 Carrington Rd,Westbank,V4T 3K7,(778) 795-0529,(778) 699-4768
COMMON GOOD PHARMACY - SUMMERLAND,101 - 13207 Victoria Road N,Summerland,V0H 1Z0,(250) 404-0913,(250) 404-0921
COMMUNITY APOTHECARY,402 - 3701 Hastings St,Burnaby,V5C 2H6,(604) 757-1254,(604) 563-7852
COMMUNITY OUTREACH PHARMACY,#309 - 800 Carleton Crt,Delta,V3M 6Y6,(604) 777-5601,(778) 654-7172
COMMUNITY PHARMACY,Units 3 & 4 - 2785 Bourquin Cres W,Abbotsford,V2S 5X6,(604) 776-2991,(604) 776-2992
COMOX VALLEY PHARMACY,300 - 727 Anderton Road,Comox,V9M 4A9,(250) 941-6685,(250) 941-6686
CONTINENTAL PHARMACY,1196 - 3779 Sexsmith Rd,Richmond,V6X 3Z9,(604) 276-8938,(604) 276-8940
CONTINENTAL PHARMACY #2,5316 Victoria Dr,Vancouver,V5P 3V7,(604) 327-6823,(604) 327-0272
COOL-AID DISPENSARY,713 Johnson St,Victoria,V8W 1M8,(250) 385-8469,(250) 383-5933
CORNING DRUGS #2,102-236 Georgia St E,Vancouver,V6A 1Z7,(604) 685-7609,(604) 685-7672
CORNING DRUGS LTD.,101-515 Main St,Vancouver,V6A 2V1,(604) 685-9056,(604) 685-8681
COTTON PHARMACY,#100A - 504 Cottonwood Ave,Coquitlam,V3J 2R5,(604) 931-2396,(604) 939-8311
COTTONWOOD REMEDYS'RX,100 - 45428 Luckakuck Way,Chilliwack,V2R 3S9,(604) 858-9446,(604) 858-9447
COUNTRY GROCER PHARMACY,372 Lower Ganges Rd,Salt Spring Island,V8K 2V7,(250) 538-0323,(250) 538-0326
COURTENAY PHARMACY,5A - 2401 Cliffe Ave,Courtenay,V9N 2L5,(250) 871-8405,(250) 871-8409
COVE PHARMACY,"672 Plaza Rd, Box 614, Quadra Island",Quathiaski Cove,V0P 1N0,(250) 285-2275,(250) 285-3375
COWRIE PHARMACY,101 - 5699 Cowrie St,Sechelt,V0N 3A0,(604) 885-0580,(604) 885-0572
CP CLEARBROOK PHARMACY,#1 - 2629 Cedar Park Place,Abbotsford,V2T 3S4,(604) 852-4466,(604) 744-3444
CRC CARE@HOME PHARMACY,Unit 2575 - 3700 No. 3 Road,Richmond,V6X 3X2,(604) 370-1001,(604) 370-1864
CREATE COMPOUNDING PHARMACY,1140-577 Nicola Ave,Port Coquitlam,V3B 0P2,(604) 409-4146,(604) 409-4179
CRESCENT PHARMACY INTEGRATIVE HEALTH CENTRE,115-10880 No. 5 Rd,Richmond,V6W 0B3,(604) 370-8875,(604) 370-8876
CRIDGE FAMILY PHARMACY,641 Fort St,Victoria,V8W 1G1,(250) 686-7104,(778) 433-7848
CRIDGE FAMILY PHARMACY 2,2136b Keating Cross Rd,Saanichton,V8M 2A6,(250) 652-8880,1-855-297-5608
CRIDGE FAMILY PHARMACY 3,108 - 1411 Cook St,Victoria,V8V 0E8,(250) 590-8711,1-855-647-1319
CRIDGE FAMILY PHARMACY 4,1918 Oak Bay Ave,Victoria,V8R 1C7,(250) 940-0223,(250) 410-3588
CROFTON PHARMACY,"101 - 8146 Queen St, PO Box 1089",Crofton,V0R 1R0,(250) 324-5554,(250) 324-5558
CROSSROADS PHARMACY,140 - 2061 Sumas Way,Abbotsford,V2S 8H6,(778) 880-0125,(778) 880-0282
CRYSTAL PHARMACY & MEDICAL SUPPLIES,1611 - 4500 Kingsway,Burnaby,V5H 2A9,(604) 433-2821,(604) 433-2830
CUSTOM HEALTH PHARMACY CHILLIWACK,A - 45555 Hodgins Ave,Chilliwack,V2P 1P3,(604) 402-4555,(604) 402-4556
CUSTOM HEALTH PHARMACY LANGLEY,19967 96th Ave,Langley,V1M 3C6,(604) 609-4111,(604) 609-4114
DAILY CARE PHARMACY,4973 Victoria Dr,Vancouver,V5P 3T7,(604) 336-9440,(604) 336-9441
DAVIE PHARMACY,1232 Davie St,Vancouver,V6E 1N3,(604) 559-9952,(604) 559-7752
DAVIES PRESCRIPTIONS - ST. GEORGES,1401 St. Georges Ave.,North Vancouver,V7L 3J3,(604) 985-8771,(604) 985-8262
DAWSON PHARMACY,4218 Dawson St,Burnaby,V5C 0B8,(604) 428-9755,(604) 428-9756
DEAN PHARMACY,102A - 6844 King George Blvd,Surrey,V3W 4Z9,(778) 564-3326,(778) 564-3777
DEEP COVE PHARMACY,4322 Gallant Ave,North Vancouver,V7G 1K8,(604) 985-3539,(604) 985-3540
DELTA PRESCRIPTION CLINIC,#101 - 8425 120th St,Delta,V4C 6R2,(604) 594-4499,(604) 594-4155
DONEX PHARMACY & DEPARTMENT STORE,145 Birch Ave,100 Mile House,V0K 2E0,(250) 395-4004,(250) 644-2251
DOUGLAS COMPOUNDING PHARMACY,376 175A Street,Surrey,V3Z 6S7,(604) 245-0727,(604) 634-7497
DOWNTOWN CLINIC PHARMACY,569 Powell Street,Vancouver,V6A 1G8,(604) 216-4257,(604) 216-4270
DOWNTOWN VANCOUVER PHARMACY,1102 Pender St West,Vancouver,V6E 2S1,(604) 844-1801,(604) 844-1824
DRUGLAND PHARMACY,#107 - 7738 Edmonds St,Burnaby,V3N 1B8,(604) 636-0666,(604) 636-0663
DRUGSTORE PHARMACY #6722,200 Carmi Avenue,Penticton,V2A 3G5,(250) 493-0053,(250) 493-4078
DRUGSTORE PHARMACY #6734,1000 South Lakeside Drive,Williams Lake,V2G 3A6,(250) 305-2158,(250) 305-2162
DUNCAN PHARMACY,101-725 Canada Ave,Duncan,V9L 1V1,250-597-4100,250-597-4191
DUNDAS PHARMACY,2081 Dundas St,Vancouver,V5L 1J5,(778) 379-5095,(778) 379-5094
DYCK'S PHARMACISTS (PANDOSY),3039 Pandosy St,Kelowna,V1Y 1W3,(778) 478-0360,(778) 478-0361
DYCK'S PHARMACISTS (SPRINGFIELD),1111 Springfield Road,Kelowna,V1Y 8R7,(250) 762-7774,(250) 762-7718
DYCK'S PHARMACISTS (ST. PAUL),1460 St. Paul St,Kelowna,V1Y 2E6,(250) 762-3333,(250) 862-8829
EAGLE LANDING PHARMACY,504 - 8236 Eagle Landing Parkway,Chilliwack,V2R 0R5,(604) 392-5529,(604) 392-5539
EASECARE PHARMACY,Unit 101 - 8585 160 St,Surrey,V4N 1G4,(778) 578-5160,(778) 578-5165
EAST HASTINGS PHARMACY,633 E Hastings,Vancouver,V6A 1R2,(604) 860-6000,(604) 398-6465
EASTSIDE PHARMACY LTD.,398 Hastings St E,Vancouver,V6A 1P4,(604) 255-1714,(604) 255-1753
EDGE PRO PHARMACY,100 - 6245 136th Street,Surrey,V3X 1H3,(604) 503-1766,(604) 503-1776
EDMONDS PHARMACY,105 - 7315 Edmonds St,Burnaby,V3N 1A7,(604) 526-1110,(604) 526-1926
ELEMENTS COMPOUNDING PHARMACY,3540 Blanshard St,Victoria,V8X 1W3,(250) 590-6777,(250) 590-6778
ELKFORD I.D.A. PHARMACY,"4 Front Street, Suite B",Elkford,V0B 1H0,(778) 521-5181,(778) 521-5182
ELYSIAN PHARMACY LTD.,110 - 2626 Croydon Drive,Surrey,V3Z 0S8,(604) 256-4132,(778) 613-2089
EMC PHARMACY,#180 13091 Vanier Place,Richmond,V6V 2J1,(604) 207-5433,(604) 207-5437
ENDERBY PHARMACY AND WELLNESS CENTRE,513 Cliff Ave,Enderby,V0E 1V0,(250) 838-0502,(250) 838-7233
ENHANCE RX,302 - 3965 Kingsway Ave,Burnaby,V5H 1Y8,(604) 336-7280,(604) 336-7281
ESTEVAN PHARMACY LIMITED,2517 Estevan Avenue,Victoria,V8R 2S6,(250) 598-2517,(250) 598-2512
EVERGREEN PHARMACY,104 - 1168 The High St,Coquitlam,V3B 0C6,(604) 474-3837,(604) 474-3835
EVERWELL PHARMACY,8179 Granville St,Vancouver,V6P 4Z6,(604) 563-8282,(604) 563-8280
EXPRESS CARE PHARMACY,25 - 6014 Vedder Road,Chilliwack,V2R 5M4,(604) 705-0029,(604) 705-0087
EXPRESS SCRIPTS CANADA PHARMACY,Unit 125 - 2250 Boundary Rd,Burnaby,V5M 3Z3,1-855-550-6337,1-888-807-6972
FAMILY CARE PHARMACY,"Unit B, 12815 96 Ave",Surrey,V3V 6V9,(604) 581-1900,(604) 581-1902
FAMILY CARE PHARMACY #2,8925 120 St,Delta,V4C 6R6,(604) 599-0211,(604) 599-4318
FAMILY CARE PHARMACY #3,1539 Johnston Rd,White Rock,V4B 3Z6,(604) 536-1300,(604) 536-1322
FAMILY CARE PHARMACY #4,B105 - 20020 84th Ave,Langley,V2Y 5K9,(604) 539-1611,(604) 539-1655
FELIX PHARMACY WEST INC.,1150-955 Seaborne Avenue,Port Coquitlam,V3B 0R9,(604) 552-6941,(604) 552-6942
FERNIE'S PHARMACY,3 - 562 2 Ave,Fernie,V0B 1M0,(250) 430-0525,(236) 526-2057
FINLANDIA NATURAL PHARMACY,1111 West Broadway,Vancouver,V6H 1G1,(604) 733-5323,(604) 733-5340
FIVE CORNERS PHARMACY,1189 Johnston Rd,White Rock,V4B 3Y7,(778) 545-3700,(778) 545-3701
FLASH PHARMACY MEDICAL CLINIC CENTRE,1562 Lonsdale Ave,North Vancouver,V7M 2J3,(604) 971-4464,(604) 971-4465
FLEETWOOD PHARMACY REMEDY'SRX,305 - 9014 152 St,Surrey,V3R 4E7,(604) 496-3303,(604) 496-3301
FORBES PHARMACY - BURNSIDE,1 - 101 Burnside Rd W,Victoria,V9A 1B7,(778) 432-3784,(778) 432-3785
FORBES PHARMACY - FORT STREET,1775 Fort St.,Victoria,V8R 1J3,(250) 595-1471,(250) 595-1911
FORBES PHARMACY - GOLDSTREAM,Unit 111 - 755 Goldstream Ave,Victoria,V9B 2X4,(250) 478-7300,(250) 478-7008
FORBES PHARMACY - GORGE,603 Gorge Rd E,Victoria,V8T 2W7,(250) 590-8811,(250) 590-8824
FORBES PHARMACY - HELMCKEN,120 - 27 Helmcken Rd,Victoria,V8Z 5G5,(778) 265-8181,(778) 265-7171
FORBES PHARMACY - MILLSTREAM,105 - 2349 Millstream Rd,Langford,V9B 3R5,(250) 478-1600,(250) 478-0400
FORBES PHARMACY - PANDORA,922 Pandora Ave,Victoria,V8V 3P3,(250) 385-3784,(250) 385-3700
FORBES PHARMACY - QUEEN CHARLOTTE,3209 Oceanview Drive,Daajing Giids,V0T 1S0,(250) 559-4910,(250) 559-4915
FORBES PHARMACY SOOKE,6691 Logan Lane,Sooke,V9Z 1A5,(778) 352-5040,(778) 352-5041
FORKS PHARMACY,426 Central Ave,Grand Forks,V0H 1H0,(250) 442-1868,(833) 333-2965
FORT NELSON PHARMACY,"4904 - 50th Ave. N., Box 540",Fort Nelson,V0C 1R0,(250) 774-2323,(250) 774-2326
FORT ROYAL PHARMACY,1803 Fort St,Victoria,V8R 1J6,(250) 590-3707,(250) 590-3708
FORT ROYAL PHARMACY COLWOOD INC.,B102-681 Allandale Rd,Victoria,V9C 0S2,(250) 474-0605,(250) 474-0606
FORT ROYAL PHARMACY HILLSIDE INC.,50-797 Hillside Ave,Victoria,V8T 1Z5,(778) 406-2022,(778) 406-2023
FORT ROYAL PHARMACY OAK BAY,2217 Oak Bay Ave,Victoria,V8R 1G4,(250) 590-9217,(250) 590-9218
FORT ST. JOHN PHARMACY AND WELLNESS CENTRE,#300 - 9730 - 101st Ave,Fort St. John,V1J 2A8,(250) 785-3234,(250) 785-7696
FORTUNE CREEK PHARMACY,2 - 2860 Smith Dr,Armstrong,V0E 1B1,(250) 546-1411,(250) 546-1422
FRASER CANYON PHARMACY,308 Wallace St.,Hope,V0X 1L0,(604) 869-5654,(604) 869-5665
FRASER CARE PHARMACY,6448 Fraser St.,Vancouver,V5W 3A4,(604) 325-8288,(604) 558-0578
FRASER COMMONS PHARMACY,717 SE Marine Dr,Vancouver,V5X 2T8,(604) 800-2223,(604) 398-8430
FRASER HEIGHTS PHARMACY LTD.,#102 - 16033 - 108th Ave.,Surrey,V4N 1P2,(604) 930-9544,(604) 930-9785
FRASER LAKE MEDICINE CENTRE,280 McMillan Ave,Fraser Lake,V0J 1S0,(250) 699-0075,(250) 699-0070
FRASER MEDICARE PHARMACY,4127 Fraser St,Vancouver,V5V 4E9,(604) 620-8278,(604) 620-8277
FRASER MEDICINE CENTRE PHARMACY,20200 Fraser Hwy,Langley,V3A 4E6,(604) 530-8810,(604) 530-8843
FRASER VALLEY PHARMACY,105 - 2760 Trethewey St,Abbotsford,V2T 3R1,(604) 859-1794,(778) 757-7770
FRASERGROVE PHARMACY,2941 272 St,Aldergrove,V4W 3R3,(604) 381-5981,(604) 381-5983
FRASERVIEW PHARMACY LTD.,#11 - 665 Front Street,Quesnel,V2J 2K9,(250) 992-3822,(250) 992-3766
FRASERWAY MEDICINE CENTRE,107 - 32615 South Fraser Way,Abbotsford,V2T 1X8,(604) 504-2022,(604) 504-2044
FRENCH CREEK PHARMACY,5 - 886 Wembley Rd,Parksville,V9P 2E6,(250) 586-6212,(250) 586-6214
FRESHCO PHARMACY #4252,6140 Blundell Road,Richmond,V7C 1H6,(604) 274-7370,(604) 274-7647
FRESHCO PHARMACY #4254,10151 No. 3 Road,Richmond,V7A 4R6,(604) 271-7734,(604) 271-7713
FRESHCO PHARMACY #4255,7165 - 138th Street,Surrey,V3W 7T9,(604) 594-4515,(604) 594-4802
FRESHCO PHARMACY #4256,32520 Lougheed Highway,Mission,V2V 1A5,(604) 826-5398,(604) 826-7967
FRESHCO PHARMACY #4257,7450 - 120th Street,Surrey,V3W 3M9,(604) 594-9866,(604) 594-1167
FRESHCO PHARMACY #4265,27566 Fraser Hwy,Aldergrove,V4W 3N5,(604) 856-4667,(604) 856-7223
FRESHCO PHARMACY #4269,45858 Yale Rd,Chilliwack,V2P 2N9,(604) 795-6092,(604) 795-6034
FRESHCO PHARMACY #4270,#300 - 20201 Lougheed Hwy,Maple Ridge,V2X 2P6,(604) 460-7200,(604) 460-7242
FRESHCO PHARMACY #4272,#100 - 32500 S. Fraser Way,Abbotsford,V2T 4W1,(604) 852-3558,(604) 852-5660
FRESHCO PHARMACY #4274,451 Oliver St.,Williams Lake,V2G 1M5,(250) 398-8380,(250) 398-7087
FRESHCO PHARMACY #4276,#5- 945 Columbia St W,Kamloops,V2C 1L5,(250) 372-1994,(250) 374-9167
FRESHCO PHARMACY #4277,#500 - 2339 Hwy 97 N,Kelowna,V1X 4H9,(250) 860-4431,(250) 860-2584
FRESHCO PHARMACY #4278,3417 - 30th Avenue,Vernon,V1T 2E3,(250) 542-8008,(250) 542-5569
FRESHCO PHARMACY #4280,7040 Barnet Street,Powell River,V8A 2A1,(604) 485-4244,(604) 485-3063
GAIN PHARMACY,10677 King George Blvd,Surrey,V3T 2X6,(604) 582-4246,(604) 582-4276
GARIBALDI PHARMACY,102 - 1870 Dowad Drive,Squamish,V8B 1C4,(604) 848-7059,(778) 605-2939
GARLANE PHARMACY LTD.,232 East Hastings St,Vancouver,V6A 1P1,(604) 684-6720,(604) 398-2891
GARRISON PHARMACY,1 - 45555 Market Way,Chilliwack,V2R 0M5,(604) 846-8782,(604) 846-8794
GATEWAY PHARMACY,13717 72 Ave,Surrey,V3W 2P2,(604) 930-8608,(604) 930-2732
GENERATION PHARMACY,A 11771 225 St,Maple Ridge,V2X 6E6,(604) 544-7111,(604) 544-8333
GILMORE PHARMACY,320 Gilmore Ave,Burnaby,V5C 4R1,(604) 568-8383,(604) 568-8332
GLADWIN PHARMACY,#104 - 2955 Gladwin Rd,Abbotsford,V2T 5T4,(604) 850-2494,(604) 853-9675
GLEN PHARMACY,208 - 1175 Johnson St,Coquitlam,V3B 7K1,(604) 944-5500,(604) 944-3301
GLENCOURT DISTRIBUTORS,105-19515 56 Ave,Surrey,V3S 6K3,(604) 539-0375,(604) 539-1464
GOLDEN EARS PHARMACY,100 - 22722 Lougheed Hwy,Maple Ridge,V2X 2V6,(604) 477-3222,(604) 477-3221
GOLDEN FAMILY PHARMACY,916 10th Avenue South,Golden,V0A 1H0,(250) 344-6821,(250) 344-6869
GONZALES PHARMACY,1845 Fairfield Road,Victoria,V8S 1G9,(250) 598-5512,(250) 590-3998
GOOD CURE PHARMACY,5 - 5725 Vedder Road,Chilliwack,V2R 3N4,(604) 847-1255,(236) 436-2607
GOOD FAITH PHARMACY,A-4035 Redford St,Port Alberni,V9Y 3R9,(778) 421-1035,(778) 421-0757
GORDON HEAD PHARMACY,102 - 1660 Feltham Rd,Victoria,V8N 2A1,(250) 590-0557,(250) 590-5898
GOURLAY'S GOLDEN PHARMACY,"P.O. Box 1106, 826B - 9th Ave S",Golden,V0A 1H0,(250) 344-8600,(250) 344-8622
GRACE PHARMACY,3835 Sunset St,Burnaby,V5G 1T4,(604) 434-1722,(604) 909-1722
GRANVILLE PHARMACY,1146 Granville St,Vancouver,V6Z 1L8,(604) 558-0700,(604) 558-0722
GRAY'S COMPOUNDING PHARMACY,417B 304th St,Kimberley,V1A 3H4,(250) 427-0038,(250) 427-0039
GREEN PHARMACY,204-901 Lougheed Hwy,Coquitlam,V3K 0J3,(236) 607-0018,1-833-664-5458
GREENSHIELD PHARMACY,#118 - 5589 Byrne Road,Burnaby,V5J 3J1,(778) 244-1788,(604) 648-9939
GROVE PHARMACY,"Walnut Grove Prof. Corner, 402 - 21183 88 Ave",Langley,V1M 2G5,(778) 298-1000,(778) 298-1012
GUILDFORD DRUGS,200 - 15135 101 Ave,Surrey,V3R 7Z1,(778) 394-3784,(778) 395-3784
H&J FAMILY PHARMACY,115-1488 Flint Avenue,Langford,V9B 5N1,(250) 242-2323,(250) 955-1111
HAFEZ PHARMACY AND TRAVEL CLINIC,108-2669 Langdon St,Abbotsford,V2T 3L3,(604) 852-8355,(604) 852-8492
HANEY PHARMACY,"Suite D, 22195 Dewdney Trunk Road",Maple Ridge,V2X 3H7,(604) 467-9100,(604) 463-7189
HAPPY FACE PHARMACY,7 - 8590 200 St,Langley,V2Y 2B9,(604) 371-2794,(604) 371-2795
HARBOUR PHARMACY,3855 9th Ave,Port Alberni,V9Y 4T9,(250) 723-8100,(888) 675-9906
HARBOURVIEW DRUGSTORE,1892 Peninsula Rd,Ucluelet,V0R 3A0,(250) 726-2733,(250) 726-2734
HARDY BAY DRUGSTORE,"Unit 100 - 8950 Granville St, PO Box 909",Port Hardy,V0N 2P0,(250) 949-9522,(250) 949-9532
HART DRUG MART,6707 Dagg Rd,Prince George,V2K 2R6,(250) 962-9603,(250) 962-8450
HARVARD PHARMACY,492 Kingsway,Vancouver,V5T 3J9,(604) 875-0200,(604) 639-0020
HARVEST DRIVE PHARMACY,#100 - 4515 Harvest Dr.,Delta,V4K 4L1,(604) 946-5220,(604) 946-3902
HEALING PHARMACY,#7 - 103 4501 North Rd.,Burnaby,V3N 4R7,(604) 420-0756,(604) 676-2795
HEALING PHARMACY #2,7414 Edmonds St,Burnaby,V3N 1A8,(236) 453-1186,(778) 627-2834
HEALTHCARE PHARMACY,866 Twelfth St,New Westminster,V3M 4K3,(604) 540-1325,(604) 540-4315
HEALTHCARE PHARMACY #2,130 - 8780 Blundell Road,Richmond,V6Y 3Y8,(604) 275-7800,(604) 275-7400
HEALTHCARE PHARMACY #3,13352 Old Yale Road,Surrey,V3T 5A4,(778) 975-0017,(778) 607-2010
HEALTHMART PHARMACY,109-8556 120 St,Surrey,V3W 3N5,(604) 503-3163,(604) 503-3168
HEALTHPLUS PHARMACY,4115 No. 5 Rd,Richmond,V6X 2T9,(604) 304-1294,(604) 304-1295
HEALTHPLUS PHARMACY #2,170 - 8980 No. 3 Rd,Richmond,V6Y 2E8,(604) 370-6799,(604) 370-6798
HEALTHRX PHARMACY,100 - 135 15th St E,North Vancouver,V7L 2P7,(604) 770-1609,(604) 770-1610
HEALTHSIDE PHARMACY,5448 Victoria Drive,Vancouver,V5P 3V8,(604) 327-6768,(604) 327-6761
HEART PHARMACY AT ESQUIMALT,H 890 Esquimalt Rd,Victoria,V9A 3M4,(778) 433-2721,(833) 333-2916
HELLO PHARMACY #3301,4882 Main Street,Vancouver,V5V 3R8,(778) 606-7873,(778) 724-0143
HELLO PHARMACY #3302,"115, 1700 Garcia Street",Merritt,V1K 1B8,(236) 575-2273,(236) 575-2274
HERBACY PHARMAHEALTH INTERNATIONAL LIMITED,Unit 102 - 14045 104 Ave,Surrey,V3T 1X4,(604) 498-8102,(604) 498-8103
HERITAGE PARK PHARMACY,Unit B150 - 7871 Stave Lake St,Mission,V2V 0C5,(604) 289-2447,(604) 289-2448
HERITAGE PHARMACY,9136 Young Rd,Chilliwack,V2P 4R4,(604) 824-5300,(236) 436-2989
HIGH GATE PHARMACY LTD.,#102 - 7188 Kingsway,Burnaby,V5E 1G3,(604) 777-4267,(604) 777-4268
HILLCREST PHARMACY LTD.,100 - 32156 Hillcrest Ave,Abbotsford,V2T 1S5,(604) 746-1333,(604) 746-1334
HILLSIDE FAMILY PHARMACY,A - 541 3rd Ave,Ladysmith,V9G 1B9,(250) 924-2288,(250) 924-2289
HOGARTH'S CLINIC PHARMACY LTD.,102 - 3310 - 32nd Ave,Vernon,V1T 2M6,(250) 545-3660,(250) 545-4392
HOMELINX PHARMACY,101 - 12126 90 Ave,Surrey,V3V 1B5,(604) 503-6470,(604) 503-6469
HOPE PHARMACY,224 Wallace St,Hope,V0X 1L0,(604) 860-2144,(604) 860-2140
HOWE SOUND PHARMACY,#208 - 1100 Sunshine Coast Hwy,Gibsons,V0N 1V7,(604) 886-3365,(604) 886-3052
HUB PHARMACY,108A - 32883 South Fraser Way,Abbotsford,V2S 2A6,(604) 556-8515,(604) 556-8366
I.D.A. FAMILY DRUG MART,100 - 10504 100 Ave,Fort St. John,V1J 1Z2,(250) 261-7039,(877) 376-0243
I.G.S. VALUE DRUG MART,441 - 2nd Ave.,Fernie,V0B 1M0,(250) 423-4511,(250) 423-4543
ICARE REMEDY'SRX,103 - 13805 104 Ave,Surrey,V3T 1W7,(604) 498-0480,(604) 498-0481
IDEAL CARE PHARMACY,100 - 817 W Hastings St,Vancouver,V6C 3N9,(604) 757-1530,(604) 398-8094
IHEALTH PHARMACY,101 - 45619 Yale Road,Chilliwack,V2P 2N1,(604) 392-8393,(236) 436-2986
IMPERIAL NEIGHBOURHOOD PHARMACY,2 - 4648 Imperial St,Burnaby,V5J 1B8,(604) 428-9647,(604) 428-9649
IMPERIAL PHARMACY #2,981 Carnarvon St,New Westminster,V3M 1G2,(604) 523-6767,(604) 523-6768
IMPERIAL REMEDY'S RX PHARMACY,5262 Imperial St,Burnaby,V5J 1E5,(604) 229-2360,(604) 449-2291
INDIGICARE MEDICINES LTD.,2982 Nanaimo St,Vancouver,V5N 5G3,(236) 521-9449,(236) 259-5320
INDIGO PHARMACY,447 East Columbia Street,New Westminster,V3L 3X3,(604) 553-8996,(604) 553-8993
INDIGO PHARMACY COMMERCIAL,1623 Commercial Dr,Vancouver,V5L 3Y3,(604) 566-8963,(604) 566-8962
INDIGO PHARMACY MID-MAIN,2205 Main Street,Vancouver,V5T 0K2,(604) 423-2882,(604) 423-2887
INGRAM CLINIC PHARMACY,#101 - 149 Ingram St.,Duncan,V9L 1N8,(250) 746-5191,(250) 746-8413
INLET PHARMACY LTD.,50 Electronic Avenue,Port Moody,V3H 2R8,(604) 937-2818,(604) 937-2820
INNOMAR PHARMACY,100 - 5898 Trapp Ave,Burnaby,V3N 5G4,(604) 563-2700,(604) 563-2701
ISLAND CENTRAL FILL PHARMACY,45 - 1400 Cowichan Bay Road,Cobble Hill,V0R 1L3,(250) 929-2100,(250) 929-2102
ISLAND PHARMACY,"#13 - 575 North Road, RR #3",Gabriola Island,V0R 1X3,(250) 247-8310,(250) 247-8313
ISLAND PHARMACY # 1,"138 South Shore Road, Box 38",Lake Cowichan,V0R 2G0,(250) 749-3141,(250) 749-4315
ISLAND PHARMACY # 2,62 Cowichan Lake Road,Lake Cowichan,V0R 2G0,(250) 749-0149,(250) 749-7219
ISLAND PHARMACY # 3,102 - 330 Festubert St,Duncan,V9L 3S9,(250) 746-7494,(250) 746-7493
ISLAND PHARMACY # 4,192 Kenneth St,Duncan,V9L 1N4,(250) 746-4680,(250) 746-4682
ISLAND PHARMACY # 6,"26 - 1400 Cowichan Bay Rd, RR 3",Cobble Hill,V0R 1L0,(250) 743-1448,(250) 743-1480
ISLAND PHARMACY # 7,1-1769 Shawnigan Mill Bay Rd.,Shawnigan Lake,V0R 2W0,(250) 743-6977,(250) 743-6976
ISLAND PHARMACY # 8,"Unit A - 845 Deloume Rd, RR 2",Mill Bay,V0R 2P2,(250) 743-4421,(250) 743-8897
ISLAND PHARMACY #10,#106 - 284 Helmcken Road,Victoria,V9B 1T2,(250) 881-8887,(250) 881-1210
ISLANDCARE PHARMACY,A 2440 Cliffe Ave,Courtenay,V9N 2L6,(250) 871-9090,(250) 871-9099
JAMIE'S PHARMACY,103 - 2802 30th St,Vernon,V1T 8G7,(250) 541-8999,(250) 541-8907
JC PHARMACY,211 - 3214 Douglas St,Victoria,V8Z 3K6,(250) 590-9080,(250) 590-8033
JC PHARMACY - 02,47 Gorge Rd East,Victoria,V9A 0J8,(250) 940-7466,(250) 410-1849
JERICHO PHARMACY & HEALTH FOOD STORE,Unit 290 - 2083 Alma St.,Vancouver,V6R 4N6,(604) 228-8978,(604) 228-0798
JOE'S FAMILY PHARMACY,7819D East Saanich Rd,Saanichton,V8M 2B4,(778) 426-2420,(778) 506-2391
JOE'S FAMILY PHARMACY #2,101-622 Admirals Rd,Esquimalt,V9A 2N7,(778) 817-1754,(778) 698-7054
JOE'S FAMILY PHARMACY #3,#116 - 10330 McDonald Park Road,North Saanich,V8L 5X7,(778) 817-1591,(250) 410-1851
JOE'S SPECIALTY PHARMACY,1515 McTavish Road,North Saanich,V8L 5T3,(250) 410-1000 ext: 41703,(236) 916-2999
JOE'S SPECIALTY PHARMACY - VANCOUVER,2839 Kingsway,Vancouver,V5R 5H9,(604) 924-8686,(833) 999-0871
JUNIPER PHARMACY,1607 Pandosy Street,Kelowna,V1Y 1P6,(250) 762-7306,(250) 762-7193
KAMA HEALTH PHARMACY,201 - 7350 King George Blvd,Surrey,V3W 5A5,1-888-533-9842,1-855-710-6444
KAMLOOPS DOWNTOWN PHARMACY,205 Victoria Street,Kamloops,V2C 2A1,(250) 374-2216,(250) 374-2218
KASLO COMMUNITY PHARMACY,403 Front St,Kaslo,V0G 1M0,(250) 353-2224,(250) 353-2336
KATZIE PHARMACY,19700 Salish Rd,Pitt Meadows,V3Y 2G1,(604) 457-1030,(604) 457-1031
KENSINGTON PHARMACY,916 Kingsway,Vancouver,V5V 3C4,(604) 428-6800,(604) 428-6900
KERRISDALE MEDICINE CENTRE PHARMACY,5591 West Boulevard,Vancouver,V6M 3W6,(604) 261-0333,(604) 261-0311
KILLARNEY PHARMACY,#102 - 2607 East 49th Ave,Vancouver,V5S 1J9,(778) 800-8528,(778) 800-8530
KING GEORGE MEDIC PHARMACY,102 - 14333 104 Ave,Surrey,V3T 0E1,(604) 585-8866,(604) 585-7036
KINGSTONS PHARMACY,10051 Whalley Blvd,Surrey,V3T 4G1,(604) 585-0525,(604) 585-0522
KIPP-MALLERY LANDMARK PHARMACY,"Landmark Centre, 207 755 McGill Rd",Kamloops,V2C 0B6,(236) 425-0025,(236) 425-0040
KIPP-MALLERY PHARMACY,273 Victoria St.,Kamloops,V2C 2A1,(250) 372-2531,(250) 372-1736
KIWI PHARMACY & WELLNESS,109-810 Clement Ave,Kelowna,V1Y 0J7,(778) 940-1950,(778) 940-5793
KLEO'S PHARMACY REMEDY'SRX,#90B - 1967 Trans Canada Hwy E,Kamloops,V2C 4A4,(778) 765-1444,(778) 765-1452
KNIGHTS PHARMACY,330 Main St.,Penticton,V2A 5C3,(250) 492-8080,(250) 492-6699
KNIGHTS PHARMACY KELOWNA,103-3320 Richter St,Kelowna,V1W 4V5,(778) 940-4222,(778) 940-4221
KORNAK AND HAMM'S PHARMACY,366 Yorston St.,Williams Lake,V2G 4J5,(250) 398-8177,(250) 398-7393
KRIPPS HEALTHCARE RX,5413 West Blvd,Vancouver,V6M 3W5,(604) 687-2564,(604) 685-9721
KROLL'S SURREY PHARMACY LTD.,#101 - 9645 137 St,Surrey,V3T 4G8,(604) 581-3636,(604) 581-3637
LADYSMITH WHOLEHEALTH PHARMACY AND MORE,L - 17 Gatacre St,Ladysmith,V9G 1A1,(250) 924-1241,(236) 933-2981
LAFARGE PHARMACY,106-3056 Glen Dr,Coquitlam,V3B 0V1,(604) 474-0769,(604) 474-0768
LAKESIDE MEDICINE CENTRE,#112A - 2365 Gordon Drive,Kelowna,V1W 3C2,(250) 860-3100,(250) 860-3104
LAKESIDE PHARMACY,374B Stuart Dr W,Fort St. James,V0J 1P0,(250) 996-7202,(250) 996-7366
LALLICARE PHARMACY,1139 Yates Street,Victoria,V8V 3N2,(250) 386-5100,(250) 386-5527
LAMBERT-KIPP PHARMACY LTD.,"PO Box 2919, 1301 - 7th Ave",Invermere,V0A 1K0,(250) 342-6612,(250) 342-6574
LANCASTER MEDICAL SUPPL. & PRESC. #4,#101 - 13710 94A Ave,Surrey,V3V 1N1,(604) 582-9181,(604) 582-9167
LANCASTER MEDICAL SUPPLIES & PRESCRIPTIONS #1,"Unit U1, 601 West Broadway",Vancouver,V5Z 4C2,(604) 873-8585,(604) 873-2381
LANDMARK PHARMACY,116 - 1631 Dickson Ave,Kelowna,V1Y 0B5,(250) 762-5031,(250) 762-5032
LANGLEY PHARMACY,101 - 5568 206 St,Langley,V3A 7T1,(604) 539-9799,(604) 539-9798
LANGLEY TOWNSHIP PHARMACY & COMPOUNDING,Unit 100 - 5068 221A Street,Langley,V2Y 3V9,(604) 532-2176,(604) 342-1131
LAUREL PRESCRIPTIONS,#102 - 888 West 8th Ave.,Vancouver,V5Z 3Y1,(604) 873-5511,(604) 873-5581
LG PHARMACY,4473 Hastings St,Burnaby,V5C 0L6,(604) 558-2006,(604) 974-5444
LIFECARE PHARMACY,#101 - 1106 Austin Avenue,Coquitlam,V3K 3P5,(604) 937-5413,(604) 937-5414
LIFECARE PHARMACY #2,#102 - 408 E Columbia Street,New Westminster,V3L 0K5,(604) 515-0413,(604) 515-0414
LIFECONNECT PHARMACY,102 - 5967 168 St,Surrey,V3S 3X5,(604) 372-0912,(604) 372-0913
LIFECONNECT PHARMACY #2,5623 177B Street,Surrey,V3S 4H9,(604) 245-4050,(604) 245-4052
LIFECONNECT PHARMACY #3,170 - 18811 72nd Ave,Surrey,V4N 6W7,(778) 366-2993,(778) 366-2997
LINCOLN PHARMACY & COQUITLAM TRAVEL CLINIC,137 - 3030 Lincoln Ave,Coquitlam,V3B 6B4,(604) 464-1033,(604) 464-1035
LINCOLN WHOLEHEALTH PHARMACY,6-2168 McCallum Rd,Abbotsford,V2S 6R6,(778) 362-4282,(778) 360-2997
LITTLE PRAIRIE PHARMACY,"PO Box 1330, 5016 50th Ave",Chetwynd,V0C 1J0,(250) 788-1060,1-833-909-2074
LIVING ROOM PHARMACY LTD.,204 - 1530 Cliffe Ave,Courtenay,V9N 2K4,(250) 338-5665,(250) 338-5855
LOBLAW PHARMACY #1517,350 Marine Dr SE,Vancouver,V5X 2S5,(604) 322-3706,(604) 322-7321
LOBLAW PHARMACY #1518,"1105 Eaton Centre, 4700 Kingsway",Burnaby,V5H 4M1,(604) 439-4404,(604) 439-4466
LOBLAW PHARMACY #1519,152-1301 Lougheed Highway,Coquitlam,V3K 6P9,(604) 520-8304,(604) 520-8348
LOBLAW PHARMACY #1520,3185 Grandview Hwy.,Vancouver,V5M 2E9,(604) 436-6406,(604) 436-6446
LOBLAW PHARMACY #1521,7550 King George Blvd,Surrey,V3W 2T2,(604) 599-3704,(604) 599-3705
LOBLAW PHARMACY #1522,910 Columbia Street W.,Kamloops,V2C 1L2,(250) 371-6435,(250) 371-6433
LOBLAW PHARMACY #1523,45779 Luckakuck Way,Chilliwack,V2R 4E8,(604) 824-4235,(604) 824-4233
LOBLAW PHARMACY #1524,1424 Island Highway,Campbell River,V9W 8C9,(250) 830-2730,(250) 830-2733
LOBLAW PHARMACY #1525,6435 Metral Dr,Nanaimo,V9T 2L9,(250) 390-5735,(250) 390-5732
LOBLAW PHARMACY #1526,3000 Lougheed Hwy.,Coquitlam,V3B 1C5,(604) 468-6735,(604) 468-6732
LOBLAW PHARMACY #1527,835 Langford Pky,Victoria,V9B 4V5,(250) 391-3135,(250) 391-3133
LOBLAW PHARMACY #1528,757 Ryan Road,Courtenay,V9N 3R6,(250) 334-6935,(250) 334-6940
LOBLAW PHARMACY #1531,5001 Anderson Way,Vernon,V1T 9V1,(250) 550-2335,(250) 550-2334
LOBLAW PHARMACY #1532,100 - 2210 Main St,Penticton,V2A 5H8,(250) 487-7715,(250) 487-7711
LOBLAW PHARMACY #1551,2332 160 St,Surrey,V3Z 0R5,(778) 545-0478,(778) 545-0480
LOBLAW PHARMACY #1552,3020 Louie Dr,Westbank,V4T 3E1,(250) 707-7015,(250) 707-7011
LOBLAW PHARMACY #1553,2100 - 17th St N,Cranbrook,V1C 7J1,(250) 420-2135,(250) 420-2132
LOBLAW PHARMACY #1554,8195 120 St,Delta,V4C 6P7,(604) 592-5235,(604) 592-5232
LOBLAW PHARMACY #1555,201 - 19800 Lougheed Hwy,Pitt Meadows,V3Y 2W1,(604) 460-4335,(604) 460-4333
LOBLAW PHARMACY #1556,14650 - 104 Ave,Surrey,V3R 1M3,(604) 587-8535,(604) 587-8532
LOBLAW PHARMACY #1557,4651 No. 3 Road,Richmond,V6X 2C4,(604) 233-2430,(604) 233-2432
LOBLAW PHARMACY #1558,2855 Gladwin Rd,Abbotsford,V2T 6Y4,(604) 557-5235,(604) 557-5232
LOBLAW PHARMACY #1559,32136 Lougheed Highway,Mission,V2V 1A4,(604) 820-6430,(604) 820-6433
LOBLAW PHARMACY #1560,333 Seymour Blvd.,North Vancouver,V7J 2J4,(604) 904-5535,(604) 904-5533
LOBLAW PHARMACY #1561,19851 Willowbrook Dr,Langley,V2Y 1A7,(604) 532-5430,(604) 532-5424
LOBLAW PHARMACY #1562,2155 Ferry Ave,Prince George,V2N 5E8,(250) 960-1335,(250) 960-1344
LOBLAW PHARMACY #1563,291 Cowichan Way,Duncan,V9L 6P5,(250) 746-0535,(250) 746-0540
LOBLAW PHARMACY #1564,2280 Baron Rd,Kelowna,V1X 7W3,(250) 717-2535,(250) 717-2533
LOBLAW PHARMACY #4369,3455 Johnston Rd,Port Alberni,V9Y 8K1,(250) 723-1624,(250) 723-1787
LOBLAW PHARMACY #4382,215C Port Augusta St,Comox,V9M 3M9,(250) 339-6626,(250) 339-5593
LOBLAW PHARMACY #4399,Unit 1 - 9831 98A Ave,Fort St. John,V1J 1S3,(250) 785-2547,(250) 785-5351
LOBLAW PHARMACY #4534,142 - 8100 Rock Island Hwy.,Trail,V1R 4N7,(250) 368-8544,(250) 368-8093
LOBLAW PHARMACY #4590,1650 Lonsdale Ave,North Vancouver,V7M 2J3,(604) 983-3332,(604) 983-3392
LOBLAW PHARMACY #4612,1792A 9th Ave,Fernie,V0B 1M0,(250) 423-3264,(250) 423-8074
LOBLAW PHARMACY #4613,49 - 700 Tranquille Rd,Kamloops,V2B 3H9,(250) 312-3326,(250) 312-3324
LOBLAW PHARMACY #4614,127 - 1835 Gordon Drive,Kelowna,V1Y 3H4,(250) 861-1525,(250) 861-3941
LOBLAW PHARMACY #4616,18765 Fraser Hwy,Surrey,V3S 7Y3,(604) 576-3126,(604) 576-6844
LOBLAW PHARMACY #4617,"Champlain Mall, 7190 Kerr Street",Vancouver,V5S 4W2,(604) 430-3381,(604) 433-5347
LOBLAW PHARMACY #4627,5530 Sunshine Coast Hwy,Sechelt,V0N 3A0,(604) 740-5765,(604) 740-5743
LOBLAW PHARMACY #4907,2110 Ryley Avenue,Vanderhoof,V0J 3A0,(250) 567-6005,(250) 567-6009
LOBLAW PHARMACY #4979,310 Broadway St W,Vancouver,V5Y 1R2,(604) 708-8084,(604) 708-8663
LOBLAW PHARMACY #4980,22427 Dewdney Trunk Road,Maple Ridge,V2X 7A7,(604) 467-0753,(604) 467-2981
LOBLAW PHARMACY #4981,2-1900 Garibaldi Way,Garibaldi Highlands,V0N 1T0,(604) 898-6818,(604) 898-6821
LOBLAW PHARMACY #4983,2335 Maple Drive E,Quesnel,V2J 7J6,(250) 747-2812,(250) 747-2879
LOBLAW PHARMACY #4985,1501 Cook Street,Creston,V0B 1G0,(250) 402-6025,(250) 402-6029
LOBLAW PHARMACY #6708,846 Viewfield Rd,Esquimalt,V9A 4V1,(250) 381-8266,(250) 953-0008
LOBLAW PHARMACY #6732,2501 - 34th Street,Vernon,V1T 9S3,(250) 260-4558,(250) 260-4562
LOCK'S PRESCRIPTION PHARMACY LTD.,"Medical Dental Centre C/o Lock's Phcy, 9181 Main St",Chilliwack,V2P 4M9,(604) 795-9488,(604) 792-0482
LONGEVITY COMPOUNDING PHARMACY,711 Columbia St,New Westminster,V3M 1B2,(604) 544-7760,(604) 544-7761
LONSDALE & 3RD PHARMACY,105 3rd St E,North Vancouver,V7M 2G1,(604) 971-5499,(604) 971-5498
LONSDALE PHARMACY,1531 Lonsdale Ave,North Vancouver,V7M 2J2,(604) 985-1901,(604) 985-1907
LOW COST WESTERN PHARMACY,535 Main St.,Vancouver,V6A 2V1,(604) 689-5555,(604) 689-5268
LOW COST WESTERN PHARMACY #2,5579 Victoria Dr,Vancouver,V5P 3W2,(604) 322-6588,(604) 322-6501
LUMBY I.D.A. PHARMACY,1823 Vernon St,Lumby,V0E 2G0,(250) 547-2324,(250) 547-9593
LYNN VALLEY PHARMACY,104 - 1200 Lynn Valley Rd,North Vancouver,V7J 2A2,(604) 960-1187,(604) 960-1183
LYTTON PHARMACY,1535 Silo Rd,Lytton,V0K 1Z0,(778) 254-5454,(778) 254-5455
M & S PHARMACY,CRU130-19979 76 Avenue,Langley,V2Y 3Y3,(778) 298-5041,(778) 298-5045
MACDONALD'S PRESCRIPTIONS #3,2188 W. Broadway,Vancouver,V6K 2C8,(604) 738-0733,(604) 738-5400
MACDONALD'S PRESCRIPTIONS #4,#130 - 943 W. Broadway,Vancouver,V5Z 1K3,(604) 734-4311,(604) 734-4366
MACDONALD'S PRESCRIPTIONS LTD.,"Fairmont Medical Bldg., 746 W. Broadway",Vancouver,V5Z 1G8,(604) 872-2662,(604) 876-0242
MACDONALD'S PRESCRIPTIONS RENAL PHARMACY,2nd Floor - 148 West 6th Ave,Vancouver,V5Y 1K6,(604) 872-4200,(604) 872-4255
MAGGIE'S PHARMACY,2591 Commercial Dr,Vancouver,V5N 4C1,(778) 371-8721,(778) 371-8722
MAIN PRESCRIPTIONS,506 Main St,Vancouver,V6A 2T9,(604) 683-6381,(604) 683-8623
MAIN STATION PHARMACY,1149 Main St,Vancouver,V6A 4B6,(604) 662-3883,(604) 662-3887
MAINCARE PHARMACY,7297 Main St,Vancouver,V5X 3J3,(604) 325-0544,(604) 325-0574
MANN'S PRESCRIPTION PHARMACY,325 Jubilee St.,Duncan,V9L 1W9,(250) 746-7168,(250) 746-7169
MANSHADI PHARMACY,477 St. Paul St,Kamloops,V2C 2J7,(250) 372-2223,(250) 372-2224
MANSHADI PHARMACY #2,374 Tranquille Rd,Kamloops,V2B 3G7,(250) 434-2526,(250) 434-2527
MAPLE MEADOWS PHARMACY,102 - 11893 227 St,Maple Ridge,V2X 6H9,(604) 380-4345,(604) 380-4346
MARINE DRIVE PHARMACY,103 - 1061 Marine Drive,North Vancouver,V7P 1S6,(778) 340-9308,(833) 696-0783
MARK'S MARINE PHARMACY,239 Marine Dr SE,Vancouver,V5X 2S4,(604) 325-9265,(604) 325-9805
MARKS PHARMACY,#101 - 8035 - 120th Street,Delta,V4C 6P8,(604) 596-1774,(604) 596-8334
MARMAR PHARMACY,#212 - 1200 Burrard St,Vancouver,V6Z 2C7,(604) 605-0211,(604) 602-0210
MARY'S PHARMACY,#201B - 1194 Lansdowne Dr,Coquitlam,V3E 1J7,(604) 941-0454,(604) 941-0421
MCCALLUM PHARMACY,2481B McCallum Rd,Abbotsford,V2S 3P8,(604) 852-3603,(604) 852-3601
MCCUE PHARMACY,#100 - 8120 Cook Road,Richmond,V6Y 1T9,(604) 278-9601,(604) 273-5321
MCKESSON SPECIALTY PHARMACY (BC),102-3330 192 St,Surrey,V3Z 1A1,1-866-246-0095,1-866-246-7796
MCKIM CARE PHARMACY,1010 - 8766 McKim Way,Richmond,V6X 4G4,(604) 558-4315,(604) 558-4314
MEADOWCURE PHARMACY + COFFEE,215-1331 Westhills Dr,Langford,V9B 0S2,(778) 557-0103,(778) 557-0105
MEADOWS PHARMACY,12161 Harris Rd,Pitt Meadows,V3Y 2E9,(604) 460-0541,(604) 460-0542
MEDCARE PHARMACY,#107 - 12025 Nordel Way,Surrey,V3W 1W1,(604) 593-1415,(604) 593-1416
MEDICA PHARMACY LTD.,10030 King George Blvd,Surrey,V3T 2W4,(604) 496-1903,(604) 496-1909
MEDICAL CENTRE PHARMACY,1722 Davie St,Vancouver,V6G 1W2,(604) 682-4321,(604) 568-2023
MEDICAL CENTRE PRESCRIPTIONS,10225 King George Blvd,Surrey,V3T 2W6,(604) 581-2411,(604) 589-2020
MEDICAL TOWER DRUGS LTD.,#180 - 2151 McCallum Rd,Abbotsford,V2S 3N8,(604) 859-7651,(604) 859-7651
MEDICARE PHARMACY,Unit 190 - 7031 Westminster Hwy,Richmond,V6X 1A3,(604) 278-7133,(604) 278-7135
MEDICINE GURU,9180 120 St,Surrey,V3V 4B5,(604) 585-4878,(604) 585-4876
MEDIGLEN PHARMACY,102 - 1173 The High St,Coquitlam,V3B 0B1,(778) 285-8811,(778) 285-8812
MEDIMIX PHARMACY,Unit 145 - 19933 88th Ave,Langley,V2Y 4K5,(778) 366-3530,(778) 366-3531
MEDIPHARM PHARMACY,6447 Fraser St,Vancouver,V5W 3A6,(604) 336-3144,(604) 336-3145
MEDIS PHARMACY,#6 - 2755 Lougheed Hwy,Port Coquitlam,V3B 5Y9,(604) 944-5544,(604) 944-5548
MEDISAVE PHARMACY #07,#104 - 8056 King George Blvd,Surrey,V3W 5B5,(604) 599-5403,(604) 599-5404
MEDISAVE PHARMACY #3,#2 - 8181 - 120A Street,Surrey,V3W 3P2,(604) 501-1114,(604) 501-1914
MEDISAVE PHARMACY #4,Unit 12 - 6828 128 St,Surrey,V3W 4C9,(604) 501-7719,(604) 501-7759
MEDISAVE PHARMACY #6,#125 - 8291 Ackroyd Rd,Richmond,V6X 3K5,(604) 232-0811,(604) 232-0851
MEDISYSTEM PHARMACY WEST LIMITED,"Unit 1110, Ground Floor, 13560 Maycrest Way",Richmond,V6V 2W9,(604) 270-4590,(604) 270-4594
MEDLANDIA COMPOUNDING PHARMACY,100 - 20528 Lougheed Hwy,Maple Ridge,V2X 2P8,(604) 465-3375,(604) 465-3378
MEDLIFE PHARMACY,65-11900 Haney Pl,Maple Ridge,V2X 8R9,(778) 504-4569,(778) 504-8369
MEDMIX COMPOUNDING PHARMACY,120-7920 206th St,Langley,V2Y 3X1,(778) 366-4554,(604) 909-1787
MEDNOW PHARMACY,101-4484 Main Street,Vancouver,V5V 3R3,(604) 876-6410,(604) 875-6808
MED-X PHARMACY LTD.,7 - 1449 Prairie Ave,Port Coquitlam,V3B 1S9,(604) 474-3050,(604) 474-3051
MEDZONE METTRA PHARMACY,3680 East Hastings,Vancouver,V5K 2A9,(604) 900-9569,(604) 901-5901
MEMORIAL COMPOUNDING PHARMACY,699 Memorial Ave,Qualicum Beach,V9K 1S8,(250) 752-9976,(250) 752-2499
METCHOSIN PHARMACY,B - 4480 Happy Valley Rd.,Victoria,V9C 3Z3,(778) 265-0122,(778) 265-0133
METROCARE PHARMACY,5375 Lane St,Burnaby,V5H 0H2,(604) 568-1222,(604) 566-9213
METROLIFE PHARMACY,Building B 107 - 11018 126A Street,Surrey,V3V 0G1,(604) 951-2011,(604) 951-2012
METTRA PHARMACY DUNCAN,#105 - 15 Canada Ave,Duncan,V9L 1T3,(250) 748-0104,(236) 800-7384
MID-ISLAND PHARMACY,7-162 Harrison Avenue,Parksville,V9P 2W4,(250) 757-0779,(236) 935-2982
MINORU PHARMACY,7380 Westminster Hwy,Richmond,V6X 1A1,(604) 270-2320,(604) 270-2327
MINT HEALTH + DRUGS: CORDOVA BAY,5166 Cordova Bay Rd,Victoria,V8Y 2K6,(250) 590-6053,(250) 590-6403
MINT HEALTH + DRUGS: LATORIA,115 - 611 Brookside Rd,Victoria,V9C 0C3,(250) 590-7012,(250) 590-7014
MINT PHARMACY: BOWSER,"PO Box 8, 112 - 6996 Island Hwy W",Bowser,V0R 1G0,(250) 757-8631,(250) 757-8632
MIRACLE PRESCRIPTIONS REMEDY'SRX,1268 Marine Dr,North Vancouver,V7P 1T2,(604) 770-2030,(604) 770-2035
MJ'S NATURAL PHARMACY,6255 Victoria Dr,Vancouver,V5P 3X5,(604) 323-1293,(604) 323-1294
MJ'S NATURAL PHARMACY #3,"Richmond Public Market, 1130 - 8260 Westminster Hwy",Richmond,V6X 3Y2,(604) 232-1293,(604) 232-1296
MJ'S NATURAL PHARMACY NO. 2,6689 Victoria Dr,Vancouver,V5P 3Y2,(604) 324-1293,(604) 324-1273
MODERN PHARMACY,51296 Yale Road,Chilliwack,V0X 1X0,(778) 704-0474,(236) 436-2035
MONTROSE PHARMACY,#104 - 2493 Montrose Ave,Abbotsford,V2S 0L5,(604) 621-0843,(604) 621-0844
MORGAN CREEK PHARMACY,105A - 15252 32 Ave,Surrey,V3Z 0R7,(604) 538-6333,(604) 538-6387
MOUNT PLEASANT PHARMACY,93 Kingsway,Vancouver,V5T 3J1,(604) 872-2039,(604) 872-2049
MOUNTAIN & PESTLE PHARMACY,100 Deer Park Ave,Kimberley,V1A 2J4,(250) 432-1317,(236) 528-2056
MT. LEHMAN PHARMACY LTD.,110 - 30495 Cardinal Ave,Abbotsford,V2T 0A5,(604) 856-7176,(604) 856-7178
MUNRO'S SORRENTO PRESCRIPTIONS,"Box 239, 1250 Trans Canada Highway",Sorrento,V0E 2W0,(250) 675-4411,(250) 675-4422
MY PHARMACY,304 - 2537 Beacon Ave,Sidney,V8L 1Y3,(250) 800-0187,(250) 984-0881
NANAIMO COMPOUNDING PHARMACY,560 - 2980 Island Hwy N,Nanaimo,V9T 5V4,(250) 755-6365,(250) 585-9616
NANAIMO PHARMACY,1299 Nanaimo St,Vancouver,V5L 4T5,(604) 251-1299,(604) 251-1280
NANOOSE PHARMACY,4 - 2451 Collins Cres,Nanoose Bay,V9P 9J9,(250) 468-9921,(250) 468-9621
NATURE'S COMPOUNDING PHARMACY,102 - 9103 Glover Rd,Langley,V1M 0E8,(604) 888-2895,(604) 888-1862
NAZ'S PHARMACY #2,113 - 12578 72nd Ave,Surrey,V3W 2M6,(604) 596-3241,(604) 597-3267
NAZ'S PHARMACY #3,105 - 9385 120 St,Delta,V4C 0B5,(604) 585-1210,(604) 585-2601
NAZ'S PHARMACY #4,101 - 12565 88 Ave,Surrey,V3W 3J7,(604) 543-8850,(604) 543-8857
NAZ'S PHARMACY NO. 1 LTD.,#108 - 5990 Fraser St.,Vancouver,V5W 2Z7,(604) 323-1268,(604) 323-1226
NAZ'S PHARMACY NO. 5,Unit 17 - 15300 105 Ave,Surrey,V3R 6A7,(604) 634-0303,(604) 634-0304
NAZ'S PRESCRIPTION PLUS PHARMACY,6410 Main St.,Vancouver,V5W 2V4,(604) 325-3241,(604) 325-3276
NEIGHBOURLY BC CENTRAL FILL SOLUTIONS #1055,3246 Beta Ave,Burnaby,V5G 4K4,(236) 326-1010,(236) 326-1060
NELSON CLINIC PHARMACY,405 Hendryx Street,Nelson,V1L 2A6,(250) 352-3121,(250) 352-2389
NELSON REMEDY'SRX,737 Baker St,Nelson,V1L 4J5,(250) 352-0022,(250) 352-0033
NESTER'S PHARMACY LTD.,205-7015 Nesters Rd,Whistler,V8E 0X1,(604) 905-0429,(604) 905-0427
NESTER'S PHARMACY SFU,9000 University High St,Burnaby,V5A 0C1,(604) 298-1566,(604) 298-1535
NEW ERA PHARMACY,1 - 1589 George St.,White Rock,V4B 0C6,(778) 357-3474,(778) 357-3475
NEWPORT VILLAGE PHARMACY,103 - 205 Newport Dr,Port Moody,V3H 5C9,(604) 461-0136,(604) 461-0137
NOLAN'S CLINIC PHARMACY,"2nd Floor, 3207 30 Ave",Vernon,V1T 2C6,(250) 542-5866,(250) 542-2709
NOLAN'S NORTH END PHARMACY,102 - 4710 31 St,Vernon,V1T 5J9,(250) 542-2265,(250) 542-2264
NORDLYS PHARMACY,102 - 1100 Alaska Ave,Dawson Creek,V1G 4V8,(250) 782-0601,(250) 782-0622
NORTH ISLAND PHARMACY,1371A Cedar St,Campbell River,V9W 2W6,(250) 286-4522,(250) 286-4530
NORTH ISLAND PHARMACY - COURTENAY,949 Fitzgerald Avenue,Courtenay,V9N 2R6,(250) 331-6306,(250) 871-6305
NORTH SHORE PHARMACY,#4 - 517 Tranquille Rd,Kamloops,V2B 3H3,(250) 376-9991,(250) 376-9922
NORTH WEST MARINE PHARMACY,1877 Marine Dr,North Vancouver,V7P 1V5,(604) 982-0981,(604) 982-0903
NORTHMOUNT PHARMACY LTD.,165 E 15th Street,North Vancouver,V7L 2P7,(604) 985-8241,(604) 985-1240
NORTHSHORE DRUGSTORE,113 West 16th St,North Vancouver,V7M 1T3,(604) 770-3299,(604) 770-3298
NORTHVIEW PHARMACY,120 - 1100 Lonsdale Ave,North Vancouver,V7M 2H3,(604) 904-9992,(604) 904-0222
NOVACARE PHARMACY,15 E. Hastings St.,Vancouver,V6A 1M9,(604) 303-6344,(604) 303-6345
NOVARA WELLNESS PHARMACY,3482 Main St,Vancouver,V5V 3N2,(604) 875-6625,(604) 875-8477
OASES HEALTH PHARMACY #1,790 East Hastings St.,Vancouver,V6A 1R5,(604) 254-4633,(604) 254-3364
OCEAN PHARMACY,1880 Marine Drive,West Vancouver,V7V 1J6,(604) 922-1238,(604) 926-3908
OCEANSIDE PHARMACY,105 - 2506 Beacon Ave,Sidney,V8L 1Y2,778-351-2111,778-351-2110
OKANAGAN PHARMACY,24 - 5500 Clements Cres,Peachland,V0H 1X5,(250) 767-2911,(250) 767-2906
OLIVER PHARMACY,"105 - 291 Fairview Rd, PO Box 1871",Oliver,V0H 1T0,(250) 485-4007,(250) 485-4002
OMNIA SPECIALTY PHARMACY,103 - 32625 South Fraser Way,Abbotsford,V2T 1X8,(604) 776-3377,(604) 776-3355
OMNICARE PHARMACY LTD.,#130 - 1 East Cordova St,Vancouver,V6A 4H3,(604) 633-1289,(604) 633-1298
OPTIMA PHARMACY,103-6625 152A Street,Surrey,V3S 0B3,(604) 593-6113,(604) 593-6114
ORCHARD PHARMACY,152 - 1876 Cooper Rd,Kelowna,V1Y 9N6,(236) 420-2882,(236) 420-2881
OTTER CO-OP AT PARALLEL PHARMACY,Unit 100 - 1888 North Parallel Rd.,Abbotsford,V3G 2C6,(778) 771-0410,(604) 851-9665
OTTER CO-OP PHARMACY,3650 248 St,Langley,V4W 1X7,(604) 607-6934,(604) 856-3101
OTTER CO-OP PHARMACY (MT. LEHMAN),250-3270 Mt Lehman Rd,Abbotsford,V4X 2M9,778-655-5170,778-655-5171
OUT REACH PHARMACY LTD.,#250 - 55 Victoria Rd,Nanaimo,V9R 5N9,(250) 753-9606,(250) 753-9608
OVAL INTEGRATIVE PHARMACY,Unit 160 - 6111 River Road,Richmond,V7C 0A2,(604) 838-9123,(604) 838-9123
OWL DRUGS,199 East Hastings St.,Vancouver,V6A 1N5,(604) 681-3024,(604) 681-3048
OXFORD PHARMACY,3190 - 1971 Lougheed Hwy,Port Coquitlam,V3B 0K2,(604) 945-9591,(604) 945-9592
P & A PHARMACY,4336 Fraser St.,Vancouver,V5V 4G3,(604) 876-4424,(604) 876-8845
P.D.C. PHARMACY,2370 United Blvd,Coquitlam,V3K 6A3,(604) 927-2620,(604) 941-0532
PACIFIC CARE PHARMACY,2651 Kingsway,Vancouver,V5R 5H4,(604) 438-6200,(604) 438-6201
PACIFIC HEIGHTS PRESCRIPTION X-PRESS PHARMACY,"Unit 101, 42 6th Street",New Westminster,V3L 2Z2,(604) 244-4580,(604) 676-2625
PACIFIC PHARMACY #1,101 - 15122 72 Ave,Surrey,V3S 2G2,(604) 590-0399,(604) 590-0349
PACIFIC PHARMACY #2,11944 88 Ave,Delta,V4C 3C8,(778) 578-6900,(778) 578-6901
PACIFIC PHARMACY #4,106-1522 Finlay St,White Rock,V4B 4L9,(604) 232-9557,(604) 560-0870
PARK PACIFIC PHARMACY,"Yaohan Centre, #2260 - 3700 No. 3 Road",Richmond,V6X 3X2,(604) 273-9812,(604) 270-2228
PARK WEST PHARMACY,1635 Capilano Rd,North Vancouver,V7P 0E5,(236) 551-2260,(236) 551-2261
PARKRIDGE PHARMACY & HEALTH CENTRE,#3 - 802 George St,Enderby,V0E 1V0,(250) 838-5866,(250) 838-5877
PARKSVILLE PHARMACY,#1 - 383 Alberni Highway,Parksville,V9P 1J9,(250) 586-2625,(250) 586-2626
PARTNERSHIP RX,105-15336 67 Ave,Surrey,V3S 7C6,(888) 588-2605,(236) 484-9425
PEACE PHARMACY,9840 101 Ave,Fort St. John,V1J 2B2,(250) 785-1140,(250) 785-1145
PEACHLAND PHARMACY,5848A Beach Ave,Peachland,V0H 1X7,(250) 767-2611,(250) 767-3477
PEAK HEALTH PHARMACY,120-8063 199 St,Langley,V2Y 0E2,(604) 918-8779,(604) 918-8739
PEERCONNECT PHARMACY,8086 Park Road,Richmond,V6Y 1T1,(604) 207-2222,(604) 207-6666
PENDER ISLAND PHARMACY,"Box 134, R.R. #1, #10 - 4605 Bedwell Harbour Road",Pender Island,V0N 2M0,(250) 629-6555,(250) 629-6533
PEOPLES INWELL PHARMACY,Unit 1 - 4655 Central Blvd,Burnaby,V5H 4H7,(604) 568-8713,(604) 568-8723
PEOPLES PHARMACY,103 - 1910 Sooke Rd,Victoria,V9B 1V7,(250) 474-9331,(250) 474-9336
PEOPLES PHARMACY #325,107 - 15551 Fraser Hwy,Surrey,V3S 2V8,(604) 585-6227,(604) 585-0105
PEOPLES PHARMACY #369,101-8386 120 St,Surrey,V3W 3N4,(604) 593-1788,(604) 593-1769
PEOPLES PHARMACY #377,115-6363 168 St,Surrey,V3S 3Y2,(604) 576-6815,(604) 576-6857
PEOPLES PHARMACY #387,102 - 1200 Lonsdale Ave,North Vancouver,V7M 3H6,(604) 984-0686,(604) 984-2766
PEOPLES PHARMACY ALDERGROVE,27265 Fraser Hwy,Aldergrove,V4W 3P9,(604) 624-0660,(604) 624-0662
PEOPLES SHIFA PHARMACY,103-2388 156 St,Surrey,V4A 4V4,(604) 502-7030,(604) 502-7031
PG GATEWAY PHARMACY,118 - 1811 Victoria St,Prince George,V2L 2L6,(250) 564-9993,(250) 564-9997
PHARMACISTS CLINIC,2405 Wesbrook Mall,Vancouver,V6T 1Z3,(604) 827-2584,(604) 827-2579
PHARMACITY DRUGSTORE,101 - 8338 120 St,Surrey,V3W 3N4,(604) 595-2873,(604) 595-2840
PHARMACITY DRUGSTORE #2,Unit 102 - 2752 Allwood St,Abbotsford,V2T 3R7,(604) 855-8882,(604) 855-8836
PHARMACITY DRUGSTORE #3,#105 - 15240 56 Ave,Surrey,V3S 5K7,(604) 574-3331,(604) 574-3342
PHARMACY 24,#108 - 2777 Gladwin Rd,Abbotsford,V2T 4V1,(604) 853-8884,(604) 853-8808
PHARMACY 24 NO 5,#126 - 15299 68 Ave,Surrey,V3S 2C1,(778) 218-4102,(778) 218-4103
PHARMACY APOTEKA,Unit A - 7487 Edmonds St,Burnaby,V3N 1B3,(604) 526-7778,(604) 540-1555
PHARMALIFE PHARMACY,"Capilano Mall, 60 - 935 Marine Dr",North Vancouver,V7P 1S3,(778) 340-1800,(778) 340-1888
PHARMAPLUS RX,2021 Commercial Drive,Vancouver,V5N 4B1,(778) 331-3847,(778) 331-3848
PHARMATRUST PHARMACY #2,178 Keefer Street,Vancouver,V6A 1X4,(604) 694-0988,(604) 694-0933
PHARMAWISE PHARMACY,101 - 8488 160 St.,Surrey,V4N 0V7,778-565-0600,778-565-0700
PHOENIX PHARMACY,#103 - 2155 - 10th Ave.,Prince George,V2M 5J6,(250) 562-3383,(250) 562-5113
PIER HEALTH RESOURCE CENTRE,223 Main St,Vancouver,V6A 2S7,(604) 891-1480,(604) 891-1490
PILL4ME,#101 - 5625 Promontory Rd,Chilliwack,V2R 4M5,604-705-3644,604-705-3694
PILLARS PHARMACY,3030 Skaha Lake Rd,Penticton,V2A 7H2,(250) 488-9360,(250) 488-9363
PILLOSOPHY PHARMACY,1502 E Hastings St,Vancouver,V5L 1S5,(236) 521-2262,(778) 783-9190
PILLWAY,104 - 7063 Venture St,Delta,V4G 1H8,1 (833) 745-5929,(604) 630-4949
PINETREE PHARMACY,103 - 3007 Glen Dr,Coquitlam,V3B 0L8,(604) 474-4977,(604) 474-4978
PINNACLE PHARMACY,3 - 5771 Turner Rd,Nanaimo,V9T 6L8,(250) 585-1980,(250) 585-1017
PIVOT RX,3309 30th Ave,Vernon,V1T 2C9,(250) 503-1344,(250) 503-2350
PIVOT RX 2,413 Tranquille Rd,Kamloops,V2B 3G9,(250) 376-0358,(250) 376-0425
PIX PHARMACY,203-19365 22 Ave,Surrey,V3Z 3S6,(888) 244-8998,(888) 526-0408
PLANET HEALTH PHARMACY,160 - 28040 Fraser Hwy,Abbotsford,V4X 0C1,(604) 743-1695,(778) 360-2982
PLATINUM CARE PHARMACY,3 - 3238 King George Blvd,Surrey,V4P 1A5,(604) 385-0188,(604) 385-0189
PLAZA PHARMACY,#174 - 2655 Clearbrook Rd,Abbotsford,V2T 2Y6,(604) 504-4460,(604) 504-4465
PLITIO,116 - 2455 Dollarton Hwy,North Vancouver,V7H 0A2,(778) 279-3901,(778) 279-3868
POCKETPILLS PHARMACY,"UNIT 107/108, 5433 152 St",Surrey,V3S 5A5,(855) 950-7225,(855) 950-7226
POINT GREY PHARMACY,4516 West 10th Ave.,Vancouver,V6R 2J1,(604) 224-1377,(604) 225-0019
PORT ALICE PHARMACY,1031 Marine Dr,Port Alice,V0N 2N0,(250) 284-0261,(250) 284-0264
POSTRX WEST,13988 Maycrest Way Unit 150,Richmond,V6V 3C3,(236) 312-7300,(236) 312-7270
POWELL RIVER PHARMACY,4280 Joyce Ave,Powell River,V8A 3A2,(604) 489-9272,(604) 489-9273
PRATT'S COMPOUNDING PHARMACY INC.,#100 - 321 Nicola St.,Kamloops,V2C 6G6,(250) 374-7226,(250) 851-0776
PRICESMART FOODS PHARMACY #2274 - RICHMOND,8200 Ackroyd Road,Richmond,V6X 1B5,(604) 278-8408,(604) 278-7227
PRICESMART FOODS PHARMACY #2280,9899 Austin Road,Burnaby,V3J 0L6,(604) 899-1357,(236) 455-5092
PRICESMART FOODS PHARMACY #2281 - STATION SQUARE,4650 Kingsway,Burnaby,V5H 4L9,(604) 433-3760,(604) 433-7109
PRIME CURE PHARMACY,#7 - 8388 128 Street,Surrey,V3W 4G2,778-761-3131,778-761-3132
PRIME CURE PHARMACY NO. 2,#103/104 - 12030 80 Ave,Surrey,V3W 3M1,(604) 242-0323,(604) 242-0324
PRIME WEST PHARMACY,13990 92 Ave,Surrey,V3V 1J4,(778) 359-1313,(778) 368-0069
PRIME WEST PHARMACY #3,106 - 9547 152 Street,Surrey,V3R 5Y5,(604) 515-4422,(604) 930-3501
PRIMECARE PHARMACY,"Unit 101/102, 7093 King George Blvd",Surrey,V3W 5A2,(778) 654-0013,(778) 654-0039
PRINCETON PHARMACY,#3 - 136 Tapton Ave,Princeton,V0X 1W0,(250) 295-7670,(250) 295-7650
PRO-HEALTH PHARMACY #2,3 - 8580 Young Road,Chilliwack,V2P 6Z8,(604) 845-8084,(833) 487-1053
PRO-HEALTH PHARMACY #3,1 - 7900 Lochside Dr,Saanichton,V8M 0B9,(250) 544-5222,(236) 916-2983
PROMONTORY PHARMACY,105 - 5615 Teskey Way,Chilliwack,V2R 0K5,(604) 705-3800,(604) 705-3801
PROSPER PHARMACY 24,Unit 2 & 3 - 12818 72 Ave,Surrey,V3W 2M9,(604) 543-6677,(604) 543-4433
PULSE PHARMACY,2 - 19567 64 Ave,Surrey,V3S 7H8,(236) 477-4362,(604) 634-7570
PURE CURE PHARMACY,#100 - 8820 120th Street,Surrey,V3V 0C9,236-598-8896,236-598-8895
PURE INTEGRATIVE PHARMACY # 1,111 - 15388 24 Ave,Surrey,V4A 2J2,(604) 542-7780,(604) 542-3263
PURE INTEGRATIVE PHARMACY # 4,3533 4th Ave W,Vancouver,V6R 1N9,(604) 733-7211,(604) 733-7215
PURE INTEGRATIVE PHARMACY # 5,2685 Broadway W,Vancouver,V6K 2G2,(604) 568-8844,(604) 568-8944
PURE INTEGRATIVE PHARMACY # 9,238 Robson St,Vancouver,V6B 6A1,(604) 681-8190,(604) 681-8195
PURE INTEGRATIVE PHARMACY #10,3228 Dunbar Street,Vancouver,V6S 2B7,(604) 732-3010,(604) 732-3011
PURE INTEGRATIVE PHARMACY #17,"Hollyburn Plaza, #117 - 1760 Marine Dr",West Vancouver,V7V 1J4,(604) 281-3393,(604) 281-3392
PURE INTEGRATIVE PHARMACY #18,3750 Oak St,Vancouver,V6H 2M3,(604) 731-8535,(604) 731-8534
PURE INTEGRATIVE PHARMACY #19,103 - 3053 Edgemont Blvd,North Vancouver,V7R 2N5,(604) 770-3501,(604) 770-3503
PURE INTEGRATIVE PHARMACY #20,130 - 13711 Mayfield Place,Richmond,V6V 2G9,(604) 565-7873,(604) 428-3426
PURE INTEGRATIVE PHARMACY #21,#101 - 301 Columbia St E,New Westminster,V3L 3W5,(604) 553-7145,(604) 553-7146
PURE INTEGRATIVE PHARMACY #23,210 - 2425 Hemlock St,Vancouver,V6H 4E1,(604) 559-9200,(604) 559-9201
PURE INTEGRATIVE PHARMACY #24,4444 10th Ave W,Vancouver,V6R 2H9,(604) 563-4888,(604) 563-4810
PURE INTEGRATIVE PHARMACY #25,#102 - 23242 Mavis Ave,Fort Langley,V1M 2R4,(604) 371-1828,(604) 371-2066
PURE INTEGRATIVE PHARMACY #26,104 - 382 Lerwick Rd,Courtenay,V9N 9E5,(250) 871-7900,(250) 871-7901
PURE INTEGRATIVE PHARMACY #27,102-1318 Marine Dr,West Vancouver,V7T 1B5,(604) 281-3784,(604) 281-3785
PURE INTEGRATIVE PHARMACY #29,102 - 88 Lonsdale Avenue,North Vancouver,V7M 2E6,(604) 770-3390,(604) 770-3391
PURE INTEGRATIVE PHARMACY #31,102 - 557 Superior Street,Victoria,V8V 0E4,(778) 405-0860,(778) 405-0859
PURE INTEGRATIVE PHARMACY #33,1240 56 Street,Delta,V4L 2A4,(778) 729-7873,(778) 729-7874
PURE INTEGRATIVE PHARMACY #34,16 - 2949 Main St,Vancouver,V5T 3G4,(604) 879-1885,(604) 879-1887
PURE INTEGRATIVE PHARMACY #35,130-2320 Acadia Rd,Vancouver,V6T 0E3,(604) 874-4248,(604) 874-4246
PURE INTEGRATIVE PHARMACY #36,101-345A Latoria Blvd,Victoria,V9C 0S9,(778) 247-7873,(778) 247-7874
PURE INTEGRATIVE PHARMACY #39,630 -1200 Hunter Pl,Squamish,V8B 0G8,(604) 892-0226,(604) 892-0171
PURE INTEGRATIVE PHARMACY #40,A-319 Island Highway E,Parksville,V9P 2G9,(250) 947-8001,(250) 947-7142
PURE INTEGRATIVE PHARMACY #42,1285 Hornby St,Vancouver,V6Z 1W4,(778) 730-7873,(778) 730-7874
PURE INTEGRATIVE PHARMACY #43,137 East 13th Street,North Vancouver,V7L 2L3,(604) 770-3554,(604) 770-3556
PURE INTEGRATIVE PHARMACY #72,Unit 10 - 1380 Summit Dr,Kamloops,V2C 1T8,(250) 851-3131,(250) 851-3133
PURPLE PHARMACY,2 - 32618 Logan Avenue,Mission,V2V 6C7,(604) 287-2245,(604) 287-2255
QUADRA VILLAGE DRUG MART,3 - 2631 Quadra St,Victoria,V8T 4E3,(250) 383-1188,(250) 383-4563
QUALITY CARE DRUGSTORE,5169 Argyle St,Port Alberni,V9Y 1V3,(250) 724-1353,(250) 724-1333
QUEENSBOROUGH COMMUNITY PHARMACY,1028 Ewen Ave,New Westminster,V3M 5E1,(778) 397-1132,(778) 397-1129
R.E.A.C.H. CENTRE PHARMACY,1145 Commercial Drive,Vancouver,V5L 3X3,(604) 216-3136,(604) 215-1315
RAGE'S PHARMACY,166 - 1848 Main St,Penticton,V2A 5H3,(250) 493-7200,(250) 493-7201
RAINDROP PHARMACY,#170 - 1200 W 73rd Ave,Vancouver,V6P 6G5,(604) 373-9099,(604) 373-9099
RAINFOREST WELLNESS PHARMACY,327 City Centre,Kitimat,V8C 1T6,(250) 632-2914,(250) 632-2750
REGENCY MEDICINE CENTRE,#100 - 6091 Gilbert Road,Richmond,V7C 5L9,(604) 273-5544,(604) 273-5037
REID STREET PHARMACY LTD.,359 Reid Street,Quesnel,V2J 2M5,(250) 985-0557,(250) 985-0535
REMEDY'SRX #263,102 - 5796 Glover Rd,Langley,V3A 4H9,(604) 534-8686,(604) 534-8383
REMEDY'SRX #298,#102 - 22112 - 52nd Ave,Langley,V2Y 2M6,(604) 534-6600,(604) 534-6076
REMEDY'SRX #367,"D/C Hospital, 310 - 2268 Pandosy St",Kelowna,V1Y 1T2,(778) 484-3836,(778) 484-3837
REVELSTOKE FAMILY PHARMACY,"Alpine Village Shopp Ctr., Unit 12 - 555 Victoria Rd",Revelstoke,V0E 2S0,(250) 837-5191,(250) 837-5658
RIDGE MEADOWS PHARMACY,106 - 11743 224th Street,Maple Ridge,V2X 6A4,(604) 463-4771,(604) 463-4770
RIDGEWAY PHARMACY,1057 Ridgeway Ave.,Coquitlam,V3J 1S6,(604) 931-5252,(604) 931-8300
RISE CHC PHARMACY,5198 Joyce St,Vancouver,V5R 4H1,(604) 558-8090,(778) 653-3558
RITECARE PHARMACY,#103 - 12837 88 Ave,Surrey,V3W 3K2,(778) 565-5925,(778) 565-5926
RITECARE PHARMACY #2,110 - 18438 64 Ave,Surrey,V3S 1E9,(604) 372-3388,(604) 372-3387
ROBIN'S PHARMACY,908 Commercial Dr,Vancouver,V5L 3W7,(604) 876-3784,(604) 876-3766
ROSE PHARMACY,1483 Marine Dr,West Vancouver,V7T 1B8,(604) 281-4199,(604) 281-4198
ROSE VALLEY PHARMACY,102 - 1135 Stevens Rd,West Kelowna,V1Z 2S8,(778) 755-6715,(778) 755-6153
ROYAL DRUGS PHARMACY,#130 - 8061 Lougheed Hwy,Burnaby,V5A 1W9,(604) 294-1500,(604) 299-3940
ROYAL JUBILEE PRESCRIPTIONS,DT 1200 - 1952 Bay St,Victoria,V8R 1J8,(250) 370-8153,(250) 519-1823
RUTLAND MEDICAL PHARMACY,#203 - 285 Aurora Cres.,Kelowna,V1X 7N6,(778) 753-7070,(778) 753-7071
RX COUNTER,138 - 11860 Hammersmith Way,Richmond,V7A 5G1,(604) 275-3279,(604) 275-2976
RX DRUG MART #1000,418 Yellowhead Hwy,Burns Lake,V0J 1E0,(250) 692-7531,(250) 692-7398
RX DRUG MART #1001,188 East Stewart St,Vanderhoof,V0J 3A0,(250) 567-2281,(250) 567-3934
RX DRUG MART #1002,5740 Teredo St,Sechelt,V0N 3A0,(604) 885-9833,(604) 885-1071
RX OUTREACH PHARMACY,5 - 1080 Cliveden Ave,Delta,V3M 6G6,(604) 515-4088,(604) 515-9717
RX PEOPLES PHARMACY,7 - 22214 Dewdney Trunk Rd,Maple Ridge,V2X 0E6,(604) 479-1661,(604) 479-1494
RX RAM PHARMACY SPECIALISTS (MILLSTONE),104 - 1621 Dufferin Cres,Nanaimo,V9S 5T4,(250) 591-0144,(250) 591-0145
RXCARE PHARMACY & COMPOUNDING,4695 Canada Way,Burnaby,V5G 1K9,(604) 428-7911,(604) 428-7912
SAFEMED PHARMACY MARINE DRIVE,746 Marine Dr,North Vancouver,V7M 1H3,(604) 770-4414,(604) 770-4415
SAFEMED PHARMACY MOUNTAIN HIGHWAY,102 - 467 Mountain Highway,North Vancouver,V7J 2L3,(604) 980-4446,(604) 980-4448
SAGE PHARMACY,102 - 245 E Columbia St,New Westminster,V3L 3W4,(604) 901-0987,(604) 901-1050
SAIGON PHARMACY,1080 Kingsway,Vancouver,V5V 3C6,(604) 872-6708,(604) 874-6708
SALMO VALLEY PHARMACY,107 - 4th Street,Salmo,V0G 1Z0,(250) 357-9444,(888) 715-1813
SALMON ARM PRESCRIPTION CENTRE,581B Hudson Ave NE,Salmon Arm,V1E 4P1,(250) 804-0700,(250) 804-0790
SALT SPRING PHARMACY,2101 - 115 Fulford-Ganges Rd,Salt Spring Island,V8K 2T9,(250) 931-7774,(250) 931-8874
SAM'S PHARMACY LTD.,465 Main St.,Vancouver,V6A 2T7,(604) 688-6323,(604) 688-6323
SARDIS PHARMACY,7 - 7201 Vedder Road,Chilliwack,V2R 4G5,(604) 705-1030,(604) 705-1031
SATNAM PHARMACY,"Satnam Plaza, #115 - 7130 120 St",Surrey,V3W 3M8,(604) 597-5947,(604) 597-5945
SCOTT 75 PHARMACY,#113-7500 120 St,Surrey,V3W 3N1,(604) 503-8355,(604) 503-8356
SCOTT ROAD PHARMACY,102 - 6905 120th St,Delta,V4E 2A8,(604) 591-5080,(604) 394-2115
SCOTTCARE PHARMACY,Unit 202 - 9278 120 St,Surrey,V3V 4B8,(604) 498-0856,(604) 498-0857
SCRIPT CARE PHARMACY,114 - 6741 Cariboo Rd,Burnaby,V3N 4A3,(604) 415-9607,(604) 415-9608
SEABIRD PHARMACY,2895 Chowat Rd,Agassiz,V0M 1A2,(604) 491-4477,(604) 491-4478
SECHELT PHARMACY,5648 Dolphin St,Sechelt,V0N 3A0,(604) 740-8111,(604) 740-8851
SENTREX PHARMACY,1696 West 75th Ave,Vancouver,V6P 6G2,1-888-891-7539,(778) 309-6230
SERVICE PLUS #3,Unit 1560 - 4380 No. 3 Rd,Richmond,V6X 3V7,(604) 278-8830,(604) 279-8961
SHAUGHNESSY PHARMACY,1265 W Broadway,Vancouver,V6H 1G7,(604) 423-4246,(604) 423-4376
SHAYONA PHARMACY,108 - 1656 Martin Drive,Surrey,V4A 6E7,(778) 738-1119,(778) 738-1109
SHUSWAP VALLEY PHARMACY,230 Ross St NE,Salmon Arm,V1E 4N2,(250) 835-1095,(250) 835-1108
SIDNEY PHARMACY II,2425B Bevan Ave.,Sidney,V8L 4R7,(250) 656-0744,(250) 656-0757
SILVERMERE PHARMACY,105 - 32423 Lougheed Hwy,Mission,V2V 7B8,(604) 820-8002,(604) 820-8040
SIMILKAMEEN PHARMACY,633 7th Ave,Keremeos,V0X 1N0,(250) 499-5086,(250) 499-5108
SIMPLES DRUGS,916 - 5300 No. 3 Road,Richmond,V6X 2X9,(604) 370-9228,(604) 370-9229
SIMPLES DRUGS #2,"Unit 1471 & 1473, 8388 Capstan Way",Richmond,V6X 4A7,(604) 285-0099,(604) 285-0090
SINA PHARMACY,505 Smithe St,Vancouver,V6B 6H1,(604) 336-7462,(604) 336-7461
SMART SAVE PHARMACY,103 - 7110 120 St,Surrey,V3W 3M8,(778) 565-5760,(778) 565-5761
SOLACE PHARMACY,102 - 1277 Marine Drive,North Vancouver,V7P 1T3,(604) 971-4444,(604) 971-0099
SOMERSET PHARMACY SERVICES,#7 - 13791 - 72nd Ave,Surrey,V3W 9Y9,(604) 590-5509,(604) 590-5523
SOUL RX,1 - 22335 Lougheed Hwy,Maple Ridge,V2X 2T3,(604) 479-9791,(604) 479-9792
SOUTH POINT PHARMACY & MEDICAL CLINIC,102 - 3211 152nd Street,Surrey,V3Z 1H8,(604) 305-5447,(604) 305-5449
SOUTH SLOPE PHARMACY,5203 Rumble Street,Burnaby,V5J 2B7,(604) 245-5299,(604) 245-5299
SOUTHLAND PHARMACY,"3556 West 41st Ave, Unit 1",Vancouver,V6N 3E6,(604) 266-2882,(604) 263-9850
SPARWOOD REMEDY'S RX,#74 - 101 Red Cedar Dr,Sparwood,V0B 2G0,(250) 425-6604,(250) 425-6614
SPRUCE SPECIALTY PHARMACY,116 - 10928 132 St,Surrey,V3T 0R3,(604) 359-5003,(604) 398-8515
SQUAMISH PHARMACY,101 - 37989 Cleveland Ave,Squamish,V8B 0A7,(604) 390-2004,(604) 390-2005
ST GEORGES PHARMACY,1309 St. Georges Ave,North Vancouver,V7L 3J2,(604) 988-7199,(604) 985-8855
ST. ANTHONY'S CLINIC PHARMACY #2,109 - 582 Goldstream Ave,Victoria,V9B 2W7,(250) 478-8338,(250) 478-7866
ST. RAPHAEL PHARMACY,101 - 30461 Blueridge Drive,Abbotsford,V2T 0B1,(604) 744-2038,(604) 744-2064
STEPPING STONE PHARMACY,523 Main Street,Vancouver,V6A 2V1,(604) 282-3973,(604) 282-3974
STERLINGRX PHARMACY,102-3210 25 Ave,Vernon,V1T 1P1,(778) 475-7600,(778) 475-7601
STEVESTON PHARMACY,#101 - 3811 Chatham St.,Richmond,V7E 2Z4,(604) 271-2820,(604) 272-2863
STS PAIN PHARMACY,820 Cormorant St,Victoria,V8W 1R1,(778) 433-7246,(250) 483-6448
STUART LAKE PHARMACY,470 W Stuart Drive Unit #14,Fort St. James,V0J 1P0,(250) 996-7815,(250) 996-7659
SUKH'S PHARMACY,7166 120 St,Surrey,V3W 3M8,(604) 594-0069,(604) 594-0804
SULLIVAN HEIGHTS PHARMACY,#105 - 14340 64 Ave,Surrey,V3W 1Z1,(778) 564-0018,(778) 564-0012
SULLIVAN PHARMACY,#202 - 6355 152 St,Surrey,V3S 3K8,(778) 593-0052,(778) 593-0053
SUMMERLAND PHARMACY,"100 - 13009 Rosedale Ave, PO Box 579",Summerland,V0H 1Z0,(250) 494-0531,(250) 494-0778
SUN PEAKS PHARMACY,#5 - 1240 Alpine Rd,Sun Peaks,V0E 5N0,778-760-4179,778-760-4179
SUN VALLEY PHARMACY,1-9145 Main Street,Osoyoos,V0H 1V2,(778) 738-1115,(236) 577-2982
SUNCOAST PHARMACY,103 - 5531 Inlet Ave,Sechelt,V0N 3A0,(604) 885-2899,(604) 885-2820
SUNCOAST PHARMACY #15,12887 Madeira Park Rd,Madeira Park,V0N 2H0,(604) 883-2888,(604) 883-2804
SUNNYSIDE EVERGREEN PHARMACY,2397 King George Blvd,Surrey,V4A 5A4,(604) 536-4404,(604) 536-4572
SUNSET PHARMACY LTD.,3818 Sunset St.,Burnaby,V5G 1T3,(604) 435-3830,(604) 435-3834
SUNWEST PHARMACY,105 - 14888 104 Ave,Surrey,V3R 1M4,(778) 293-2273,(778) 293-2274
SUPER GROCER AND PHARMACY,130 - 3591 Chatham Street,Richmond,V7E 2Z1,(604) 274-7878,(604) 274-7800
SUPER-CARE PHARMACY,9225 Main St,Chilliwack,V2P 4M8,(604) 792-6260,(604) 792-6217
SUPERSAVE PHARMACY,3443 Kingsway,Vancouver,V5R 5L3,(604) 438-5773,(604) 438-5767
SUPRA NORTHSHORE PHARMACY,748 Tranquille Road,Kamloops,V2B 3J2,(250) 434-4441,(250) 434-4449
SURLANG MEDICINE CENTRE PHARMACY,105 - 19475 Fraser Hwy,Surrey,V3S 6K7,(604) 533-1041,(604) 533-1051
SURREY PHARMACY,7141 King George Blvd,Surrey,V3W 5A4,(604) 572-3060,(604) 572-3065
SURREY TRUE HEALTH PHARMACY INC.,105-10334 152A St,Surrey,V3R 7P8,(604) 954-1581,1(833) 444-0309
TABLET PHARMACY,4 - 154 Middleton Avenue,Parksville,V9P 2G9,(250) 947-9929,(250) 947-9083
TABLET PHARMACY #3,101-6373 Hammond Bay Rd,Nanaimo,V9T 5Y1,(250) 933-0093,(250) 933-1033
TABLET PHARMACY QUALICUM,2 - 219 Fern Rd W,Qualicum Beach,V9K 2M2,(250) 947-1230,(250) 410-1248
TANG'S PRESCRIPTIONS,1306 Central St E,Prince George,V2M 3C1,(250) 596-6888,(250) 596-6889
TELUS HEALTH VIRTUAL PHARMACY,#165 - 21320 Gordon Way,Richmond,V6W 1J8,(604) 370-1999,(604) 370-2030
THE DRIVE PHARMACY,1684 Commercial Dr,Vancouver,V5L 3Y4,(604) 254-0133,(604) 254-0134
THE LOCAL PHARMACY,Unit 102 - 225 Rutland Road South,Kelowna,V1X 2Z3,(778) 583-5992,(778) 583-5994
THE PHARMACY LANGLEY,116 - 5501 204 St,Langley,V3A 5N8,(778) 277-0024,(778) 277-0025
THE VILLAGE PHARMACY,9025 160 St,Surrey,V4N 2X7,(604) 589-0012,(604) 589-0344
THIRD AVENUE PHARMACY,1467 - 3rd Ave,Prince George,V2L 3G1,(250) 564-7147,(250) 564-2517
THREE RIVERS PHARMACY,2510 Highway 62,Hazelton,V0J 1Y0,(250) 842-6040,(250) 842-0154
THRIFTY FOODS AND PHARMACY #9454,475 Simcoe Street,Victoria,V8V 4T4,(250) 386-8337,(250) 386-8334
THRIFTY FOODS AND PHARMACY #9458,280 East Island Hwy,Parksville,V9P 2H1,(250) 947-2535,(250) 947-2536
THRIFTY FOODS AND PHARMACY #9461,3475 Quadra Street,Victoria,V8X 1G8,(250) 382-2881,(250) 382-2801
THRIFTY FOODS AND PHARMACY #9464,5801 Turner Road,Nanaimo,V9T 6L8,(250) 729-7240,(250) 729-9802
THRIFTY FOODS AND PHARMACY #9467,1400 Ironwood St,Campbell River,V9W 5T5,(250) 850-3585,(250) 850-3586
THRIFTY FOODS AND PHARMACY #9470,170 Brew St,Port Moody,V3H 0E7,(604) 949-4253,(604) 949-4254
THRIFTY FOODS AND PHARMACY #9471,1 2755 Beverly St,Duncan,V9L 6X2,(250) 715-2654,(250) 715-2655
THRIFTY FOODS AND PHARMACY #9472,#102 - 15745 Croydon Dr,Surrey,V3Z 2L5,(604) 542-7853,(604) 542-7854
THRIFTY FOODS AND PHARMACY #9478,#100 - 444 Lerwick Rd,Courtenay,V9N 0A9,(250) 331-5103,(250) 331-5104
THRIFTY FOODS AND PHARMACY #9480,3011 Merchant Way,Langford,V9B 0W9,250-391-4048,250-391-4073
THRIFTY FOODS AND PHARMACY #9481,1551 Cliffe Ave,Courtenay,V9N 2K6,(250) 331-4999,(250) 331-4991
THRIVE PHARMACY,Unit 101 - 10663 King George Blvd,Surrey,V3T 2X6,(604) 498-4444,(604) 498-8266
TOFINO PHARMACY,"360 Campbell Street, P.O. Box 509",Tofino,V0R 2Z0,(250) 725-3101,(250) 725-4491
TOTALCARE RX,4345 Hastings St,Burnaby,V5C 2J7,(604) 451-0005,(604) 451-0007
TOWN CENTRE PHARMACY,130 - 1153 The High St,Coquitlam,V3B 0B7,(604) 475-8508,(604) 475-8509
TSAWWASSEN PHARMACY,#104 - 1077 - 56th St.,Delta,V4L 2A2,(604) 943-9341,(604) 943-2935
TUMBLER RIDGE PHARMACY,"#110 - 230 Main Street, P.O. Box 1739",Tumbler Ridge,V0C 2W0,(250) 242-3333,(250) 242-3343
TURTLE BAY PHARMACY,801 - 11850 Oceola Rd,Lake Country,V4V 2T5,(778) 480-6644,(778) 480-8100
TWIG FERTILITY PHARMACY,200-525 West 8th Avenue West,Vancouver,V5Z 1C6,(778) 743-8944,(778) 693-4390
TWO NICE GUYS PHARMACY,102 - 555 Montgomery Rd,Kelowna,V1X 3C6,(778) 753-6897,(778) 753-6903
UCLUELET CO-OP PHARMACY,"1580 Peninsula Rd, Box 100",Ucluelet,V0R 3A0,(250) 726-4342,(250) 726-2760
UNICARE PHARMACY,102 - 3325 Kingsway,Vancouver,V5R 5K6,(604) 438-5155,(604) 438-5155
UNIONBAY PHARMACY,313 Mcleod Rd,Union Bay,V0R 3B0,(250) 335-4590,(250) 335-4592
UNIVERSAL PHARMACY,1115 - 7318 137 St,Surrey,V3W 1A3,(604) 594-9535,(604) 594-9540
UNIVERSITY HEIGHTS PHARMACY,103B - 3994 Shelbourne Street,Victoria,V8N 3E2,(250) 590-8886,(250) 590-8377
UNIVERSITY PHARMACY (1987) LTD.,5754 University Blvd.,Vancouver,V6T 1K6,(604) 224-3202,(604) 224-3203
UPRX,224 - 3989 Henning Drive,Burnaby,V5C 6P8,604-291-1094,604-291-0827
UPTOWN DRUGS PEOPLES PHARMACY,508 Sixth Ave,New Westminster,V3L 1V3,(604) 520-3009,(833) 694-1527
URBAN CARE PHARMACY,100 - 678 Hastings St E,Vancouver,V6A 1R1,(604) 566-0800,(604) 566-0801
URBAN FARE PHARMACY #7614 - YALETOWN,177 Davie St,Vancouver,V6Z 2Y1,(604) 975-7544,(604) 975-7551
UVIC CAMPUS PHARMACY,"University of Victoria, S.U.B. #B138, 3800 Finnerty Rd",Victoria,V8P 5C2,(250) 721-3400,(250) 472-5183
VALLEY EVERGREEN PHARMACY,20577 Douglas Crescent,Langley,V3A 4B6,(604) 534-1332,(604) 534-8678
VALLEY OUTREACH PHARMACY,#48 - 3347 262 St,Aldergrove,V4W 3V9,(604) 381-5977,(604) 381-5978
VALLEY PHARMACY,Unit 10 - 45955 Yale Rd,Chilliwack,V2P 2M4,(604) 392-2211,(604) 392-2212
VALUE DRUG MART WILLOUGHBY,A125 - 8045 204 Street,Langley,V2Y 5K1,(236) 471-6978,(236) 471-6977
VANCOUVER PHARMACY,"The Lux, 67 Hastings St E",Vancouver,V6A 0A7,(604) 669-5990,(604) 669-5981
VANDERHOOF MEDICINE CENTRE,2436 Church Ave,Vanderhoof,V0J 3A0,(250) 567-5568,(250) 567-5561
VEDDER PHARMACY,106 - 5535 Vedder Road,Chilliwack,V2R 6H8,(604) 647-3571,(604) 800-0628
VICTORIA COMPOUNDING PHARMACY,1089 Fort St.,Victoria,V8V 3K5,(250) 388-5181,(250) 388-5191
VIEW ST. PHARMACY,867 View St,Victoria,V8W 1K1,(250) 361-3773,(250) 361-3730
VILLAGE PHARMACY,9537 Erickson Drive,Burnaby,V3J 1M9,(604) 421-4388,(604) 421-4589
VINA PHARMACY,#118 - 888 Kingsway,Vancouver,V5V 3C3,(604) 669-1623,(604) 669-1623
VITAL HEALTH PHARMACY,1825 Fort St,Victoria,V8R 1J6,(778) 433-6060,(778) 433-7071
VITAL HEALTH PHARMACY #2,560 West Ave,Kelowna,V1Y 4Z4,(778) 738-3195,(778) 738-3196
VITAL HEALTH PHARMACY #3,Suite 101 - 1990 Fort Street,Victoria,V8R 6V4,(778) 949-8482,(778) 247-2309
VIVA MED PHARMACY,Unit 120 - 6345 120 St,Delta,V4E 2A6,(604) 599-9442,(604) 599-9380
VSTAR PHARMACY,4012 Hastings St,Burnaby,V5C 2H9,(604) 291-1205,(604) 291-1206
WALLACE PHARMACY,102 100 Wallace Street,Nanaimo,V9R 5B1,(250) 753-8686,(250) 753-8871
WAL-MART PHARMACY #1011,1601 Marcolin Drive,Trail,V1R 4Y1,(250) 364-2707,1-(855)-983-1231
WAL-MART PHARMACY #1015,39210 Discovery Way,Squamish,V8B 0N1,(604) 815-4630,(604) 815-4657
WAL-MART PHARMACY #1018,3355 Johnston Rd,Port Alberni,V9Y 8K1,(250) 720-0916,1-855-983-0996
WAL-MART PHARMACY #1036,100 - 3900 Crawford Ave,Merritt,V1K 0A4,(250) 315-1371,(250) 315-1356
WAL-MART PHARMACY #1077,1477 Island Hwy,Campbell River,V9W 8E5,(250) 287-2372,(250) 287-7335
WAL-MART PHARMACY #1093,2170 Louie Dr,Westbank,V4T 3E5,(250) 768-1759,(250) 768-3204
WAL-MART PHARMACY #1100,2991A 9 Ave SW,Salmon Arm,V1E 0C3,(250) 803-4403,1 (855) 983-1015
WAL-MART PHARMACY #1104,3585 Grandview Hwy,Vancouver,V5M 2G7,(604) 435-6150,(604) 435-6437
WAL-MART PHARMACY #1106,1205 Prosperity Way,Williams Lake,V2G 0A6,(250) 305-6899,(250) 305-1145
WAL-MART PHARMACY #1112,2150 Hawkins St,Port Coquitlam,V3B 0G6,(604) 472-1260,(604) 472-1216
WAL-MART PHARMACY #1113,"Ground Level, Unit A100 - 3122 Mt Lehman Rd",Abbotsford,V2T 0C5,(604) 504-2070,(604) 504-2093
WAL-MART PHARMACY #1119,31956 Lougheed Hwy,Mission,V2V 0C6,(604) 820-4248,(604) 820-8046
WAL-MART PHARMACY #1181,5143 Canoe Pass Way,Tsawwassen,V4M 0B2,(778) 783-5381,(604) 948-0642
WAL-MART PHARMACY #1192,"Royal City Center, 101 - 610 Sixth St",New Westminster,V3L 3C2,(604) 395-8482,(604) 395-8304
WAL-MART PHARMACY #1205,2151 - 10153 King George Blvd,Surrey,V3T 2W3,(604) 495-8698,(604) 495-8682
WAL-MART PHARMACY #1206,11850 224 St,Maple Ridge,V2X 8S1,(778) 306-9937,(604) 467-0916
WAL-MART PHARMACY #1207,7155 120 St,Delta,V4E 2B1,(604) 595-3618,(604) 595-5553
WAL-MART PHARMACY #1208,"Coquitlam Centre, 3010 - 2929 Barnet Hwy",Coquitlam,V3B 5R5,(778) 284-3311,(778) 284-2542
WAL-MART PHARMACY #1213,4545 Central Blvd,Burnaby,V5H 4J5,(778) 328-1121,(778) 783-4275
WAL-MART PHARMACY #1214,1644 Hillside Ave,Victoria,V8T 2C5,(250) 220-2573,(250) 410-1251
WAL-MART PHARMACY #3008,300-9855 Austin Rd,Burnaby,V3J 1N5,(604) 421-0353,(604) 421-5941
WAL-MART PHARMACY #3019,1812 Vedder Way,Abbotsford,V2S 8K1,(604) 854-1375,(604) 854-1477
WAL-MART PHARMACY #3025,3020 Drinkwater Rd,Duncan,V9L 6C6,(250) 748-1226,1-855-983-1031
WAL-MART PHARMACY #3040,Unit #100 - 1055 Hillside Drive,Kamloops,V2E 2S5,(250) 374-8874,(250) 377-0125
WAL-MART PHARMACY #3042,1555 Banks Rd,Kelowna,V1X 7Y8,(250) 860-9145,(250) 860-8172
WAL-MART PHARMACY #3057,"Capilano Mall, 925 Marine Drive",North Vancouver,V7P 1S2,(604) 984-3441,(604) 984-3345
WAL-MART PHARMACY #3059,"Woodgrove Centre, 6801 Island Hwy N",Nanaimo,V9T 6N8,(250) 390-2334,(250) 390-2611
WAL-MART PHARMACY #3060,"Chahko Mika Mall, 1000 Lakeside Drive",Nelson,V1L 5Z4,(250) 352-7842,(250) 352-3090
WAL-MART PHARMACY #3070,"Peachtree Mall, 275 West Green Ave.",Penticton,V2A 7J2,(250) 493-6677,(250) 493-7318
WAL-MART PHARMACY #3072,"Town Centre Mall, #50 - 7100 Alberni Street",Powell River,V8A 5K9,(604) 485-0141,1-855-983-1054
WAL-MART PHARMACY #3098,"Guildford Town Ctr., Unit 1000, 10355 152 St",Surrey,V3R 7C3,(604) 585-7440,(604) 588-3759
WAL-MART PHARMACY #3109,3460 Saanich Rd,Victoria,V8Z 0B9,(250) 475-7512,(250) 475-7506
WAL-MART PHARMACY #3158,A 20202 66th Avenue,Langley,V2Y 1P3,(604) 539-5230,(604) 539-5290
WAL-MART PHARMACY #3163,3199 Cliffe Ave,Courtenay,V9N 2L9,(250) 898-8955,(250) 898-8954
WAL-MART PHARMACY #3167,"Eagle Landing South, 8249 Eagle Landing Pky",Chilliwack,V2R 0P9,(604) 792-7638,(604) 792-7643
WAL-MART PHARMACY #3169,2200 - 58 Avenue,Vernon,V1T 9T2,(250) 558-0562,(250) 558-0591
WAL-MART PHARMACY #3183,2100 Willowbrook Drive,Cranbrook,V1C 7H2,(250) 489-5338,(250) 489-5008
WAL-MART PHARMACY #3188,860 Langford Parkway,Victoria,V9B 2P3,(250) 391-0244,(250) 391-0813
WAL-MART PHARMACY #3199,890 Rita Rd,Quesnel,V2J 7J3,(833) 768-1326,(250) 747-2368
WAL-MART PHARMACY #3651,6565 Southridge Ave,Prince George,V2N 6Z4,(250) 906-3206,(250) 906-3263
WAL-MART PHARMACY #3652,9251 Alderbridge Way,Richmond,V6X 0N1,(604) 288-4396,(778) 783-5389
WAL-MART PHARMACY #3661,9007 96A St,Fort St. John,V1J 7B6,(250) 261-5585,(250) 261-5556
WAL-MART PHARMACY #5776,#600 Highway 2,Dawson Creek,V1G 4E8,(250) 719-0241,(250) 719-0238
WAL-MART PHARMACY #5777,A100 805 Boyd St,New Westminster,V3M 5G7,(604) 524-1264,(604) 524-1329
WAL-MART PHARMACY #5834,4427 16 Hwy W,Terrace,V8G 5L5,(250) 615-2047,(250) 615-3247
WAL-MART PHARMACY #5838,12451 - 88 Ave,Surrey,V3W 1P8,(604) 597-9169,(604) 597-6178
WAL-MART PHARMACY #5853,2355 160 St,Surrey,V3Z 9N6,(604) 541-8567,(604) 541-6074
WE CARE PHARMACY,100 - 6329 King George Blvd,Surrey,V3X 1G1,(604) 593-6924,(604) 593-6925
WE CARE PHARMACY #2,"13588 88 Ave, Unit #110",Surrey,V3W 3K8,(778) 565-7988,(778) 565-7989
WE CARE PHARMACY #3,103 - 6321 King George Blvd,Surrey,V3X 1G1,(778) 564-1898,(778) 564-1897
WE PHARMACY,B110 - 20487 65 Ave,Langley,V2Y 3K7,(778) 366-5400,(778) 366-5401
WELDON PHARMACY,4676 Hastings St,Burnaby,V5C 2K5,(604) 365-4444,(604) 368-4444
WELL PHARMACY,#106 - 2504 Skaha Lake Road,Penticton,V2A 6G1,(778) 476-1492,(778) 476-1711
WELLCARE RX,#107 - 7445 120 St,Delta,V4C 0B3,(604) 572-7755,(604) 572-7752
WELLNESS PHARMACY,#109 - 805 West Broadway,Vancouver,V5Z 1K1,(604) 709-3131,(604) 709-3121
WELLNESS PHARMACY #2,#100 - 22314 Fraser Hwy,Langley,V3A 8M6,(604) 530-5300,(604) 530-7250
WELLNESS PHARMACY NO. 3,103 - 13737 96 Ave,Surrey,V3V 0C6,(604) 951-1002,(604) 951-1003
WELLNESS PHARMACY NO. 4,115 - 6180 Blundell Rd,Richmond,V7C 4W7,(604) 277-3747,(604) 277-3748
WELLNESS PHARMACY NO. 5,5138 Joyce St,Vancouver,V5R 4H1,(604) 638-0353,(604) 638-0354
WELLNESS PHARMACY NO. 6,100 - 1133 Lonsdale Ave,North Vancouver,V7M 2H4,(604) 971-5400,(604) 971-5401
WELLNESS PHARMACY NO. 8,420 Abbott St,Vancouver,V6B 2L1,(604) 681-2272,(604) 681-3372
WELLNESS PHARMACY NO. 9,102 - 2180 Gladwin Rd,Abbotsford,V2S 0H4,(604) 859-8883,(604) 859-8862
WELLNESS PHARMACY NO. 12,101 - 9123 Mary St,Chilliwack,V2P 4H7,604-795-9501,604-795-9525
WESCANA PHARMACY # 1,6686 Fraser St.,Vancouver,V5X 3T5,(604) 324-6734,(604) 324-1114
WESCANA PHARMACY DELTA,#103 - 6935 - 120 St,Delta,V4E 2A8,(604) 591-7453,(604) 591-7463
WEST 10TH MEDICAL PHARMACY LTD.,4439 West 10th Ave.,Vancouver,V6R 2H8,(604) 222-2028,(604) 222-2086
WEST END MEDICINE CENTRE,2004 Eighth Ave.,New Westminster,V3M 2T5,(604) 522-5636,(604) 524-6488
WHATCOM PHARMACY AND COMPOUNDING,106 - 2100 Whatcom Rd,Abbotsford,V3G 2K8,(604) 744-1266,(604) 744-1267
WHITE ROCK PHARMACY,102 - 1440 George St,White Rock,V4B 4A3,(604) 542-4878,(604) 542-4895
WHOLE HEALTH PHARMACY,101 - 6007 Southridge Avenue,Prince George,V2N 6Z4,(778) 416-5010,(778) 693-3624
WILLOWBROOK PHARMACY,158B - 19653 Willowbrook Dr,Langley,V2Y 1A5,(604) 530-9888,(604) 530-9828
WILSON PHARMACY,#3 - 2185 Wilson Ave.,Port Coquitlam,V3C 6C1,(604) 942-4611,(604) 942-1554
WILSON PHARMACY NO. 2,709 - 2071 Kingsway Ave,Port Coquitlam,V3C 6N2,(778) 285-2800,(604) 554-0201
WINMED PHARMACY,#104 - 32450 Simon Ave,Abbotsford,V2T 4J2,(604) 746-0201,(604) 746-0203
YALE PHARMACY,1284 Granville St,Vancouver,V6Z 1M4,(604) 692-0211,(604) 683-0211
YALE ROAD PHARMACY,101 - 46198 Yale Rd,Chilliwack,V2P 2P1,(604) 795-1157,(604) 702-0656
YNP DUNBAR PHARMACY - YOUR NEIGHBORHOOD PHARMACY,4198 Dunbar St,Vancouver,V6S 2E7,(604) 730-1788,(604) 730-1789
YNP FRASER PHARMACY,3373 Fraser Street,Vancouver,V5V 4C2,(604) 669-4364,(604) 669-4308
YORK PHARMACY,110 - 7938 128 St,Surrey,V3W 4E8,(604) 598-4679,(604) 598-4684
YORKSON PHARMACY,140-20144 86 Ave,Langley,V2Y 3W6,(778) 366-3552,(778) 366-3559
YYOUNG MEDICINE MART,5570 Cambie St,Vancouver,V5Z 3A2,(604) 324-3848,(604) 324-1727
YYOUNG MEDICINE MART MAIN,1721 Main St,Vancouver,V5T 3B5,(604) 658-8881,(604) 630-1001
ZEN PHARMACY,2424 St Johns St,Port Moody,V3H 2B1,(604) 937-6069,(604) 634-7502
