pharmacy_name,city,phone,fax
108 STOP PHARMACY,Surrey,(604) 957-0711,(604) 953-1700
1HEALTH PHARMACY,Surrey,(778) 914-5000,(236) 598-3956
360CARE DENMAN PHARMACY,Vancouver,(604) 683-6933,(604) 683-6968
AARONSON'S PHARMACY (COOK ST.) LTD.,Victoria,(250) 383-6511,(250) 383-1353
ABBOTSFORD PHARMACY,Abbotsford,(778) 314-1014,(778) 314-1016
ACCURX DRUGSTORE 001,Nanaimo,(250) 591-2912,(250) 591-2914
AGASSIZ PHARMACY,Agassiz,(604) 491-1070,(604) 491-1071
ALBERNI PHARMACY,Port Alberni,(778) 419-3784,(778) 419-3785
ALBERTO PHARMACY # 1,Vancouver,(604) 873-4111,(604) 873-6734
ALBERTO PHARMACY NO. 2,Vancouver,(604) 879-8481,(604) 879-8482
ALOUETTE PHARMACY,Maple Ridge,(604) 467-3784,(604) 467-3714
AMAICARE PHARMACY CLINIC,Kamloops,(778) 471-9711,(778) 471-9712
ANDERSON'S PHARMACY,North Vancouver,(604) 988-5271,(604) 998-1271
ARGYLE PHARMACY,Port Alberni,778-421-3333,778-421-1919
ARMSTRONG PHARMACY AND WELLNESS CENTRE,Armstrong,(250) 546-3195,(250) 546-3894
ASPEN REMEDY'SRX PHARMACY,Surrey,(604) 560-2720,(604) 560-2722
ASTRAL I.D.A. PHARMACY,Vernon,(250) 541-1999,(250) 541-1777
ATLAS DRUG MART,Victoria,(250) 391-2964,(250) 391-2911
BARNET PHARMACY,Coquitlam,(604) 468-4038,(604) 468-4091
BAY PHARMACY,West Vancouver,(604) 305-0330,(604) 281-0330
BC DRUGS PHARMACY,Burnaby,(604) 422-8216,(604) 422-8221
BELL PHARMACY,Surrey,(604) 585-3355,(604) 585-3350
BELMONT PRESCRIPTION X-PRESS,New Westminster,(604) 245-6200,(604) 245-6213
BEST CARE PHARMACY,Pitt Meadows,(604) 262-4949,(604) 398-4937
BEST VALUE PHARMACY #2,Qualicum Beach,(250) 909-0290,(236) 935-2984
BEST VALUE PHARMACY #3,Sooke,(778) 352-5033,(236) 915-2907
BEYOND PHARMACY,Surrey,(604) 245-6069,(604) 245-6102
BEYOND PHARMACY 2,Abbotsford,(604) 529-7600,(604) 529-7603
BIOSCRIPT PHARMACY LTD.,Richmond,(604) 214-3784,(604) 244-3784
BLACK'S PHARMACY,Merritt,(250) 378-2155,(250) 378-4884
BONSOR PHARMACY,Burnaby,(604) 431-8877,(604) 430-4700
BOOMER DRUGS,Vancouver,(604) 266-9010,(604) 568-9838
BORDER PHARMACY,Vancouver,(877) 393-9265,(604) 336-9805
BRENTWOOD PHARMACY,Burnaby,(604) 564-3334,(604) 564-3335
BROOKSWOOD REMEDY'S RX PHARMACY #2,Langley,(604) 427-4377,(604) 427-4378
BROOKSWOOD REMEDY'SRX,Langley,(604) 427-2140,(604) 427-2141
BURKE MOUNTAIN PHARMACY,Port Coquitlam,(604) 941-5575,(604) 941-5576
BURNABY SQUARE PHARMACY,Burnaby,(604) 523-1400,(604) 523-1404
C.R.C. DRUGS,Richmond,(604) 285-2555,(604) 285-2556
CAMBIE VILLAGE PHARMACY,Vancouver,(604) 630-6900,(604) 630-7066
CAMPBELL RIVER HEALTH & DRUG STORE,Campbell River,(250) 286-1771,(250) 286-4662
CANPHARM DRUGS,Vancouver,(604) 321-5133,(604) 324-4510
CAPILANO PHARMACY,North Vancouver,(604) 969-2316,(778) 309-6211
CAPITOL HILL PHARMACY,Burnaby,(604) 299-9255,(604) 299-9257
CARE IN MOTION PHARMACY,Surrey,(604) 496-2225,(604) 496-2234
CARE N CURE PHARMACY,Surrey,(604) 598-3233,(604) 598-3234
CARERX BURNABY,Burnaby,(604) 872-6762,(604) 872-6764
CARERX KELOWNA,Kelowna,(250) 807-6725,(250) 807-6699
CARERX PARKSVILLE,Parksville,(250) 954-3666,(250) 954-3633
CARERX VICTORIA,Victoria,(250) 590-3778,(778) 430-5988
CAREVILLE PHARMACY FLEETWOOD,Surrey,(604) 634-1074,(604) 634-1075
CARMI REMEDY'SRX,Penticton,(778) 476-0010,(778) 476-0944
CARVOLTH PHARMACY,Langley,(778) 298-9618,(778) 298-9621
CENTRAL COMPOUND PHARMACY,Vancouver,(236) 326-0928,(236) 326-0929
CENTRAL DRUGS - BEBAN PLAZA,Nanaimo,(250) 758-7711,(250) 758-7765
CENTRAL DRUGS - BRICKYARD,Nanaimo,(250) 751-2576,(250) 751-2439
CENTRAL DRUGS - COLVILE,Nanaimo,(778) 441-5140,(778) 441-5141
CENTRAL DRUGS - DUFFERIN,Nanaimo,(250) 716-0063,(250) 716-0005
CENTRAL DRUGS - DUNSMUIR,Nanaimo,(250) 753-6401,(250) 753-6487
CENTRAL DRUGS - LANTZVILLE,Lantzville,(250) 390-4423,(250) 390-4425
CENTRAL DRUGS - PACIFIC STATION,Nanaimo,(250) 585-6178,(250) 585-6179
CENTRAL PARK PHARMACY,Burnaby,(604) 433-0110,(604) 432-9327
CENTRAL PHARMACY SERVICES #5305,Burnaby,(604) 430-4696,(604) 430-5447
CHEMMART PHARMACY,Richmond,(604) 270-9091,(604) 270-9092
CHEMMART PHARMACY NO.2,Richmond,(604) 918-7818,(604) 918-7817
CHOICES PHARMACY,Surrey,(604) 593-5322,(604) 593-5320
CITY CENTRE PHARMACY,Penticton,(250) 770-0047,(250) 770-8853
CITY PHARMACY,Surrey,(778) 369-3733,(604) 503-1956
CITYMED PHARMACY,White Rock,(604) 385-1490,(604) 385-1491
CITYMED PHARMACY #2,Surrey,(604) 593-8866,(604) 593-8865
CLAYTON HEIGHTS PHARMACY,Surrey,(604) 372-3808,(604) 372-3812
CLINIC DRUG STORE,Dawson Creek,(250) 782-3100,(250) 782-8120
CO-DRUG MART PHARMACY,Parksville,(250) 951-9699,(250) 951-9690
COLUMBIA PRESCRIPTION X-PRESS,New Westminster,(604) 525-3784,(604) 525-3734
COMMUNITY OUTREACH PHARMACY,Delta,(604) 777-5601,(778) 654-7172
COMMUNITY PHARMACY,Abbotsford,(604) 776-2991,(604) 776-2992
CONTINENTAL PHARMACY,Richmond,(604) 276-8938,(604) 276-8940
CONTINENTAL PHARMACY #2,Vancouver,(604) 327-6823,(604) 327-0272
COOL-AID DISPENSARY,Victoria,(250) 385-8469,(250) 383-5933
CORNING DRUGS #2,Vancouver,(604) 685-7609,(604) 685-7672
CORNING DRUGS LTD.,Vancouver,(604) 685-9056,(604) 685-8681
COTTON PHARMACY,Coquitlam,(604) 931-2396,(604) 939-8311
COTTONWOOD REMEDYS'RX,Chilliwack,(604) 858-9446,(604) 858-9447
COUNTRY GROCER PHARMACY,Salt Spring Island,(250) 538-0323,(250) 538-0326
COURTENAY PHARMACY,Courtenay,(250) 871-8405,(250) 871-8409
COVE PHARMACY,Quathiaski Cove,(250) 285-2275,(250) 285-3375
COWRIE PHARMACY,Sechelt,(604) 885-0580,(604) 885-0572
CP CLEARBROOK PHARMACY,Abbotsford,(604) 852-4466,(604) 744-3444
CREATE COMPOUNDING PHARMACY,Port Coquitlam,(604) 409-4146,(604) 409-4179
CRIDGE FAMILY PHARMACY,Victoria,(250) 686-7104,(778) 433-7848
CRIDGE FAMILY PHARMACY 2,Saanichton,(250) 652-8880,1-855-297-5608
CROSSROADS PHARMACY,Abbotsford,(778) 880-0125,(778) 880-0282
CRYSTAL PHARMACY & MEDICAL SUPPLIES,Burnaby,(604) 433-2821,(604) 433-2830
DAILY CARE PHARMACY,Vancouver,(604) 336-9440,(604) 336-9441
DAWSON PHARMACY,Burnaby,(604) 428-9755,(604) 428-9756
DEAN PHARMACY,Surrey,(778) 564-3326,(778) 564-3777
DELTA PRESCRIPTION CLINIC,Delta,(604) 594-4499,(604) 594-4155
DONEX PHARMACY & DEPARTMENT STORE,100 Mile House,(250) 395-4004,(250) 644-2251
DOUGLAS COMPOUNDING PHARMACY,Surrey,(604) 245-0727,(604) 634-7497
DOWNTOWN CLINIC PHARMACY,Vancouver,(604) 216-4257,(604) 216-4270
DOWNTOWN VANCOUVER PHARMACY,Vancouver,(604) 844-1801,(604) 844-1824
DRUGSTORE PHARMACY #6722,Penticton,(250) 493-0053,(250) 493-4078
DRUGSTORE PHARMACY #6734,Williams Lake,(250) 305-2158,(250) 305-2162
DYCK'S PHARMACISTS (PANDOSY),Kelowna,(778) 478-0360,(778) 478-0361
DYCK'S PHARMACISTS (SPRINGFIELD),Kelowna,(250) 762-7774,(250) 762-7718
DYCK'S PHARMACISTS (ST. PAUL),Kelowna,(250) 762-3333,(250) 862-8829
EAGLE LANDING PHARMACY,Chilliwack,(604) 392-5529,(604) 392-5539
EASECARE PHARMACY,Surrey,(778) 578-5160,(778) 578-5165
EAST HASTINGS PHARMACY,Vancouver,(604) 860-6000,(604) 398-6465
EASTSIDE PHARMACY LTD.,Vancouver,(604) 255-1714,(604) 255-1753
EDGE PRO PHARMACY,Surrey,(604) 503-1766,(604) 503-1776
EDMONDS PHARMACY,Burnaby,(604) 526-1110,(604) 526-1926
ELKFORD I.D.A. PHARMACY,Elkford,(778) 521-5181,(778) 521-5182
EMC PHARMACY,Richmond,(604) 207-5433,(604) 207-5437
ENDERBY PHARMACY AND WELLNESS CENTRE,Enderby,(250) 838-0502,(250) 838-7233
ENHANCE RX,Burnaby,(604) 336-7280,(604) 336-7281
ESTEVAN PHARMACY LIMITED,Victoria,(250) 598-2517,(250) 598-2512
EVERGREEN PHARMACY,Coquitlam,(604) 474-3837,(604) 474-3835
EXPRESS CARE PHARMACY,Chilliwack,(604) 705-0029,(604) 705-0087
FAMILY CARE PHARMACY,Surrey,(604) 581-1900,(604) 581-1902
FAMILY CARE PHARMACY #2,Delta,(604) 599-0211,(604) 599-4318
FAMILY CARE PHARMACY #3,White Rock,(604) 536-1300,(604) 536-1322
FAMILY CARE PHARMACY #4,Langley,(604) 539-1611,(604) 539-1655
FELIX PHARMACY WEST INC.,Port Coquitlam,(604) 552-6941,(604) 552-6942
FLASH PHARMACY MEDICAL CLINIC CENTRE,North Vancouver,(604) 971-4464,(604) 971-4465
FLEETWOOD PHARMACY REMEDY'SRX,Surrey,(604) 496-3303,(604) 496-3301
FORBES PHARMACY - BURNSIDE,Victoria,(778) 432-3784,(778) 432-3785
FORBES PHARMACY - FORT STREET,Victoria,(250) 595-1471,(250) 595-1911
FORBES PHARMACY - GOLDSTREAM,Victoria,(250) 478-7300,(250) 478-7008
FORBES PHARMACY - GORGE,Victoria,(250) 590-8811,(250) 590-8824
FORBES PHARMACY - MILLSTREAM,Langford,(250) 478-1600,(250) 478-0400
FORBES PHARMACY - PANDORA,Victoria,(250) 385-3784,(250) 385-3700
FORBES PHARMACY - QUEEN CHARLOTTE,Daajing Giids,(250) 559-4910,(250) 559-4915
FORBES PHARMACY SOOKE,Sooke,(778) 352-5040,(778) 352-5041
FORKS PHARMACY,Grand Forks,(250) 442-1868,(833) 333-2965
FORT NELSON PHARMACY,Fort Nelson,(250) 774-2323,(250) 774-2326
FORTUNE CREEK PHARMACY,Armstrong,(250) 546-1411,(250) 546-1422
FRASER CANYON PHARMACY,Hope,(604) 869-5654,(604) 869-5665
FRASER CARE PHARMACY,Vancouver,(604) 325-8288,(604) 558-0578
FRASER COMMONS PHARMACY,Vancouver,(604) 800-2223,(604) 398-8430
FRASER LAKE MEDICINE CENTRE,Fraser Lake,(250) 699-0075,(250) 699-0070
FRASER MEDICARE PHARMACY,Vancouver,(604) 620-8278,(604) 620-8277
FRASER MEDICINE CENTRE PHARMACY,Langley,(604) 530-8810,(604) 530-8843
FRASER VALLEY PHARMACY,Abbotsford,(604) 859-1794,(778) 757-7770
FRASERVIEW PHARMACY LTD.,Quesnel,(250) 992-3822,(250) 992-3766
FRESHCO PHARMACY #4252,Richmond,(604) 274-7370,(604) 274-7647
FRESHCO PHARMACY #4254,Richmond,(604) 271-7734,(604) 271-7713
FRESHCO PHARMACY #4255,Surrey,(604) 594-4515,(604) 594-4802
FRESHCO PHARMACY #4256,Mission,(604) 826-5398,(604) 826-7967
FRESHCO PHARMACY #4257,Surrey,(604) 594-9866,(604) 594-1167
FRESHCO PHARMACY #4265,Aldergrove,(604) 856-4667,(604) 856-7223
FRESHCO PHARMACY #4269,Chilliwack,(604) 795-6092,(604) 795-6034
FRESHCO PHARMACY #4270,Maple Ridge,(604) 460-7200,(604) 460-7242
FRESHCO PHARMACY #4272,Abbotsford,(604) 852-3558,(604) 852-5660
FRESHCO PHARMACY #4274,Williams Lake,(250) 398-8380,(250) 398-7087
FRESHCO PHARMACY #4276,Kamloops,(250) 372-1994,(250) 374-9167
FRESHCO PHARMACY #4277,Kelowna,(250) 860-4431,(250) 860-2584
FRESHCO PHARMACY #4278,Vernon,(250) 542-8008,(250) 542-5569
FRESHCO PHARMACY #4280,Powell River,(604) 485-4244,(604) 485-3063
GAIN PHARMACY,Surrey,(604) 582-4246,(604) 582-4276
GARLANE PHARMACY LTD.,Vancouver,(604) 684-6720,(604) 398-2891
GARRISON PHARMACY,Chilliwack,(604) 846-8782,(604) 846-8794
GATEWAY PHARMACY,Surrey,(604) 930-8608,(604) 930-2732
GENERATION PHARMACY,Maple Ridge,(604) 544-7111,(604) 544-8333
GLADWIN PHARMACY,Abbotsford,(604) 850-2494,(604) 853-9675
GLENCOURT DISTRIBUTORS,Surrey,(604) 539-0375,(604) 539-1464
GOLDEN EARS PHARMACY,Maple Ridge,(604) 477-3222,(604) 477-3221
GOLDEN FAMILY PHARMACY,Golden,(250) 344-6821,(250) 344-6869
GONZALES PHARMACY,Victoria,(250) 598-5512,(250) 590-3998
GOOD CURE PHARMACY,Chilliwack,(604) 847-1255,(236) 436-2607
GOOD FAITH PHARMACY,Port Alberni,(778) 421-1035,(778) 421-0757
GOURLAY'S GOLDEN PHARMACY,Golden,(250) 344-8600,(250) 344-8622
GRACE PHARMACY,Burnaby,(604) 434-1722,(604) 909-1722
GRANVILLE PHARMACY,Vancouver,(604) 558-0700,(604) 558-0722
GREENSHIELD PHARMACY,Burnaby,(778) 244-1788,(604) 648-9939
GUILDFORD DRUGS,Surrey,(778) 394-3784,(778) 395-3784
HANEY PHARMACY,Maple Ridge,(604) 467-9100,(604) 463-7189
HAPPY FACE PHARMACY,Langley,(604) 371-2794,(604) 371-2795
HARBOUR PHARMACY,Port Alberni,(250) 723-8100,(888) 675-9906
HARDY BAY DRUGSTORE,Port Hardy,(250) 949-9522,(250) 949-9532
HART DRUG MART,Prince George,(250) 962-9603,(250) 962-8450
HARVARD PHARMACY,Vancouver,(604) 875-0200,(604) 639-0020
HEALTHCARE PHARMACY,New Westminster,(604) 540-1325,(604) 540-4315
HEALTHCARE PHARMACY #2,Richmond,(604) 275-7800,(604) 275-7400
HEALTHCARE PHARMACY #3,Surrey,(778) 975-0017,(778) 607-2010
HEALTHMART PHARMACY,Surrey,(604) 503-3163,(604) 503-3168
HEALTHPLUS PHARMACY,Richmond,(604) 304-1294,(604) 304-1295
HEALTHPLUS PHARMACY #2,Richmond,(604) 370-6799,(604) 370-6798
HEALTHSIDE PHARMACY,Vancouver,(604) 327-6768,(604) 327-6761
HEART PHARMACY AT ESQUIMALT,Victoria,(778) 433-2721,(833) 333-2916
HERBACY PHARMAHEALTH INTERNATIONAL LIMITED,Surrey,(604) 498-8102,(604) 498-8103
HIGH GATE PHARMACY LTD.,Burnaby,(604) 777-4267,(604) 777-4268
HILLCREST PHARMACY LTD.,Abbotsford,(604) 746-1333,(604) 746-1334
HILLSIDE FAMILY PHARMACY,Ladysmith,(250) 924-2288,(250) 924-2289
HOPE PHARMACY,Hope,(604) 860-2144,(604) 860-2140
HOWE SOUND PHARMACY,Gibsons,(604) 886-3365,(604) 886-3052
I.D.A. FAMILY DRUG MART,Fort St. John,(250) 261-7039,(877) 376-0243
I.G.S. VALUE DRUG MART,Fernie,(250) 423-4511,(250) 423-4543
ICARE REMEDY'SRX,Surrey,(604) 498-0480,(604) 498-0481
IHEALTH PHARMACY,Chilliwack,(604) 392-8393,(236) 436-2986
IMPERIAL PHARMACY #2,New Westminster,(604) 523-6767,(604) 523-6768
INDIGO PHARMACY,New Westminster,(604) 553-8996,(604) 553-8993
INDIGO PHARMACY COMMERCIAL,Vancouver,(604) 566-8963,(604) 566-8962
INNOMAR PHARMACY,Burnaby,(604) 563-2700,(604) 563-2701
ISLAND CENTRAL FILL PHARMACY,Cobble Hill,(250) 929-2100,(250) 929-2102
JAMIE'S PHARMACY,Vernon,(250) 541-8999,(250) 541-8907
JERICHO PHARMACY & HEALTH FOOD STORE,Vancouver,(604) 228-8978,(604) 228-0798
JOE'S FAMILY PHARMACY,Saanichton,(778) 426-2420,(778) 506-2391
JOE'S FAMILY PHARMACY #2,Esquimalt,(778) 817-1754,(778) 698-7054
JOE'S FAMILY PHARMACY #3,North Saanich,(778) 817-1591,(250) 410-1851
JOE'S SPECIALTY PHARMACY,North Saanich,(250) 410-1000 ext: 41703,(236) 916-2999
JOE'S SPECIALTY PHARMACY - VANCOUVER,Vancouver,(604) 924-8686,(833) 999-0871
KAMLOOPS DOWNTOWN PHARMACY,Kamloops,(250) 374-2216,(250) 374-2218
KASLO COMMUNITY PHARMACY,Kaslo,(250) 353-2224,(250) 353-2336
KATZIE PHARMACY,Pitt Meadows,(604) 457-1030,(604) 457-1031
KENSINGTON PHARMACY,Vancouver,(604) 428-6800,(604) 428-6900
KILLARNEY PHARMACY,Vancouver,(778) 800-8528,(778) 800-8530
KING GEORGE MEDIC PHARMACY,Surrey,(604) 585-8866,(604) 585-7036
KINGSTONS PHARMACY,Surrey,(604) 585-0525,(604) 585-0522
KLEO'S PHARMACY REMEDY'SRX,Kamloops,(778) 765-1444,(778) 765-1452
KORNAK AND HAMM'S PHARMACY,Williams Lake,(250) 398-8177,(250) 398-7393
KROLL'S SURREY PHARMACY LTD.,Surrey,(604) 581-3636,(604) 581-3637
LADYSMITH WHOLEHEALTH PHARMACY AND MORE,Ladysmith,(250) 924-1241,(236) 933-2981
LAKESIDE PHARMACY,Fort St. James,(250) 996-7202,(250) 996-7366
LAMBERT-KIPP PHARMACY LTD.,Invermere,(250) 342-6612,(250) 342-6574
LANCASTER MEDICAL SUPPL. & PRESC. #4,Surrey,(604) 582-9181,(604) 582-9167
LANCASTER MEDICAL SUPPLIES & PRESCRIPTIONS #1,Vancouver,(604) 873-8585,(604) 873-2381
LANDMARK PHARMACY,Kelowna,(250) 762-5031,(250) 762-5032
LANGLEY PHARMACY,Langley,(604) 539-9799,(604) 539-9798
LG PHARMACY,Burnaby,(604) 558-2006,(604) 974-5444
LINCOLN WHOLEHEALTH PHARMACY,Abbotsford,(778) 362-4282,(778) 360-2997
LITTLE PRAIRIE PHARMACY,Chetwynd,(250) 788-1060,1-833-909-2074
LIVING ROOM PHARMACY LTD.,Courtenay,(250) 338-5665,(250) 338-5855
LOBLAW PHARMACY #1517,Vancouver,(604) 322-3706,(604) 322-7321
LOBLAW PHARMACY #1518,Burnaby,(604) 439-4404,(604) 439-4466
LOBLAW PHARMACY #1519,Coquitlam,(604) 520-8304,(604) 520-8348
LOBLAW PHARMACY #1520,Vancouver,(604) 436-6406,(604) 436-6446
LOBLAW PHARMACY #1521,Surrey,(604) 599-3704,(604) 599-3705
LOBLAW PHARMACY #1522,Kamloops,(250) 371-6435,(250) 371-6433
LOBLAW PHARMACY #1523,Chilliwack,(604) 824-4235,(604) 824-4233
LOBLAW PHARMACY #1524,Campbell River,(250) 830-2730,(250) 830-2733
LOBLAW PHARMACY #1525,Nanaimo,(250) 390-5735,(250) 390-5732
LOBLAW PHARMACY #1526,Coquitlam,(604) 468-6735,(604) 468-6732
LOBLAW PHARMACY #1527,Victoria,(250) 391-3135,(250) 391-3133
LOBLAW PHARMACY #1528,Courtenay,(250) 334-6935,(250) 334-6940
LOBLAW PHARMACY #1531,Vernon,(250) 550-2335,(250) 550-2334
LOBLAW PHARMACY #1532,Penticton,(250) 487-7715,(250) 487-7711
LOBLAW PHARMACY #1551,Surrey,(778) 545-0478,(778) 545-0480
LOBLAW PHARMACY #1552,Westbank,(250) 707-7015,(250) 707-7011
LOBLAW PHARMACY #1553,Cranbrook,(250) 420-2135,(250) 420-2132
LOBLAW PHARMACY #1554,Delta,(604) 592-5235,(604) 592-5232
LOBLAW PHARMACY #1555,Pitt Meadows,(604) 460-4335,(604) 460-4333
LOBLAW PHARMACY #1556,Surrey,(604) 587-8535,(604) 587-8532
LOBLAW PHARMACY #1557,Richmond,(604) 233-2430,(604) 233-2432
LOBLAW PHARMACY #1558,Abbotsford,(604) 557-5235,(604) 557-5232
LOBLAW PHARMACY #1559,Mission,(604) 820-6430,(604) 820-6433
LOBLAW PHARMACY #1560,North Vancouver,(604) 904-5535,(604) 904-5533
LOBLAW PHARMACY #1561,Langley,(604) 532-5430,(604) 532-5424
LOBLAW PHARMACY #1562,Prince George,(250) 960-1335,(250) 960-1344
LOBLAW PHARMACY #1563,Duncan,(250) 746-0535,(250) 746-0540
LOBLAW PHARMACY #1564,Kelowna,(250) 717-2535,(250) 717-2533
LOBLAW PHARMACY #4369,Port Alberni,(250) 723-1624,(250) 723-1787
LOBLAW PHARMACY #4382,Comox,(250) 339-6626,(250) 339-5593
LOBLAW PHARMACY #4399,Fort St. John,(250) 785-2547,(250) 785-5351
LOBLAW PHARMACY #4534,Trail,(250) 368-8544,(250) 368-8093
LOBLAW PHARMACY #4590,North Vancouver,(604) 983-3332,(604) 983-3392
LOBLAW PHARMACY #4612,Fernie,(250) 423-3264,(250) 423-8074
LOBLAW PHARMACY #4613,Kamloops,(250) 312-3326,(250) 312-3324
LOBLAW PHARMACY #4614,Kelowna,(250) 861-1525,(250) 861-3941
LOBLAW PHARMACY #4616,Surrey,(604) 576-3126,(604) 576-6844
LOBLAW PHARMACY #4617,Vancouver,(604) 430-3381,(604) 433-5347
LOBLAW PHARMACY #4627,Sechelt,(604) 740-5765,(604) 740-5743
LOBLAW PHARMACY #4907,Vanderhoof,(250) 567-6005,(250) 567-6009
LOBLAW PHARMACY #4979,Vancouver,(604) 708-8084,(604) 708-8663
LOBLAW PHARMACY #4980,Maple Ridge,(604) 467-0753,(604) 467-2981
LOBLAW PHARMACY #4981,Garibaldi Highlands,(604) 898-6818,(604) 898-6821
LOBLAW PHARMACY #4983,Quesnel,(250) 747-2812,(250) 747-2879
LOBLAW PHARMACY #4985,Creston,(250) 402-6025,(250) 402-6029
LOBLAW PHARMACY #6708,Esquimalt,(250) 381-8266,(250) 953-0008
LOBLAW PHARMACY #6732,Vernon,(250) 260-4558,(250) 260-4562
LONSDALE & 3RD PHARMACY,North Vancouver,(604) 971-5499,(604) 971-5498
LOW COST WESTERN PHARMACY,Vancouver,(604) 689-5555,(604) 689-5268
LOW COST WESTERN PHARMACY #2,Vancouver,(604) 322-6588,(604) 322-6501
LYNN VALLEY PHARMACY,North Vancouver,(604) 960-1187,(604) 960-1183
LYTTON PHARMACY,Lytton,(778) 254-5454,(778) 254-5455
M & S PHARMACY,Langley,(778) 298-5041,(778) 298-5045
MAGGIE'S PHARMACY,Vancouver,(778) 371-8721,(778) 371-8722
MAIN PRESCRIPTIONS,Vancouver,(604) 683-6381,(604) 683-8623
MAIN STATION PHARMACY,Vancouver,(604) 662-3883,(604) 662-3887
MAINCARE PHARMACY,Vancouver,(604) 325-0544,(604) 325-0574
MANN'S PRESCRIPTION PHARMACY,Duncan,(250) 746-7168,(250) 746-7169
MARK'S MARINE PHARMACY,Vancouver,(604) 325-9265,(604) 325-9805
MARY'S PHARMACY,Coquitlam,(604) 941-0454,(604) 941-0421
MCCALLUM PHARMACY,Abbotsford,(604) 852-3603,(604) 852-3601
MCCUE PHARMACY,Richmond,(604) 278-9601,(604) 273-5321
MCKESSON SPECIALTY PHARMACY (BC),Surrey,1-866-246-0095,1-866-246-7796
MCKIM CARE PHARMACY,Richmond,(604) 558-4315,(604) 558-4314
MEADOWS PHARMACY,Pitt Meadows,(604) 460-0541,(604) 460-0542
MEDCARE PHARMACY,Surrey,(604) 593-1415,(604) 593-1416
MEDICA PHARMACY LTD.,Surrey,(604) 496-1903,(604) 496-1909
MEDICAL CENTRE PRESCRIPTIONS,Surrey,(604) 581-2411,(604) 589-2020
MEDICARE PHARMACY,Richmond,(604) 278-7133,(604) 278-7135
MEDICINE GURU,Surrey,(604) 585-4878,(604) 585-4876
MEDISAVE PHARMACY #07,Surrey,(604) 599-5403,(604) 599-5404
MEDISAVE PHARMACY #3,Surrey,(604) 501-1114,(604) 501-1914
MEDISAVE PHARMACY #4,Surrey,(604) 501-7719,(604) 501-7759
MEDISAVE PHARMACY #6,Richmond,(604) 232-0811,(604) 232-0851
MEDISYSTEM PHARMACY WEST LIMITED,Richmond,(604) 270-4590,(604) 270-4594
MEDLANDIA COMPOUNDING PHARMACY,Maple Ridge,(604) 465-3375,(604) 465-3378
MEDLIFE PHARMACY,Maple Ridge,(778) 504-4569,(778) 504-8369
MEMORIAL COMPOUNDING PHARMACY,Qualicum Beach,(250) 752-9976,(250) 752-2499
METROCARE PHARMACY,Burnaby,(604) 568-1222,(604) 566-9213
MINORU PHARMACY,Richmond,(604) 270-2320,(604) 270-2327
MINT HEALTH + DRUGS: CORDOVA BAY,Victoria,(250) 590-6053,(250) 590-6403
MINT HEALTH + DRUGS: LATORIA,Victoria,(250) 590-7012,(250) 590-7014
MINT PHARMACY: BOWSER,Bowser,(250) 757-8631,(250) 757-8632
MODERN PHARMACY,Chilliwack,(778) 704-0474,(236) 436-2035
MORGAN CREEK PHARMACY,Surrey,(604) 538-6333,(604) 538-6387
MOUNT PLEASANT PHARMACY,Vancouver,(604) 872-2039,(604) 872-2049
MT. LEHMAN PHARMACY LTD.,Abbotsford,(604) 856-7176,(604) 856-7178
MUNRO'S SORRENTO PRESCRIPTIONS,Sorrento,(250) 675-4411,(250) 675-4422
MY PHARMACY,Sidney,(250) 800-0187,(250) 984-0881
NANAIMO PHARMACY,Vancouver,(604) 251-1299,(604) 251-1280
NANOOSE PHARMACY,Nanoose Bay,(250) 468-9921,(250) 468-9621
NAZ'S PHARMACY #2,Surrey,(604) 596-3241,(604) 597-3267
NAZ'S PHARMACY #3,Delta,(604) 585-1210,(604) 585-2601
NAZ'S PHARMACY #4,Surrey,(604) 543-8850,(604) 543-8857
NAZ'S PHARMACY NO. 1 LTD.,Vancouver,(604) 323-1268,(604) 323-1226
NAZ'S PHARMACY NO. 5,Surrey,(604) 634-0303,(604) 634-0304
NAZ'S PRESCRIPTION PLUS PHARMACY,Vancouver,(604) 325-3241,(604) 325-3276
NEIGHBOURLY BC CENTRAL FILL SOLUTIONS #1055,Burnaby,(236) 326-1010,(236) 326-1060
NELSON CLINIC PHARMACY,Nelson,(250) 352-3121,(250) 352-2389
NESTER'S PHARMACY LTD.,Whistler,(604) 905-0429,(604) 905-0427
NESTER'S PHARMACY SFU,Burnaby,(604) 298-1566,(604) 298-1535
NEWPORT VILLAGE PHARMACY,Port Moody,(604) 461-0136,(604) 461-0137
NOLAN'S CLINIC PHARMACY,Vernon,(250) 542-5866,(250) 542-2709
NOLAN'S NORTH END PHARMACY,Vernon,(250) 542-2265,(250) 542-2264
NORDLYS PHARMACY,Dawson Creek,(250) 782-0601,(250) 782-0622
NORTH ISLAND PHARMACY,Campbell River,(250) 286-4522,(250) 286-4530
NORTH ISLAND PHARMACY - COURTENAY,Courtenay,(250) 331-6306,(250) 871-6305
NORTH SHORE PHARMACY,Kamloops,(250) 376-9991,(250) 376-9922
NORTH WEST MARINE PHARMACY,North Vancouver,(604) 982-0981,(604) 982-0903
NORTHVIEW PHARMACY,North Vancouver,(604) 904-9992,(604) 904-0222
NOVACARE PHARMACY,Vancouver,(604) 303-6344,(604) 303-6345
OCEAN PHARMACY,West Vancouver,(604) 922-1238,(604) 926-3908
OCEANSIDE PHARMACY,Sidney,778-351-2111,778-351-2110
OLIVER PHARMACY,Oliver,(250) 485-4007,(250) 485-4002
OMNICARE PHARMACY LTD.,Vancouver,(604) 633-1289,(604) 633-1298
ORCHARD PHARMACY,Kelowna,(236) 420-2882,(236) 420-2881
OTTER CO-OP AT PARALLEL PHARMACY,Abbotsford,(778) 771-0410,(604) 851-9665
OTTER CO-OP PHARMACY,Langley,(604) 607-6934,(604) 856-3101
OTTER CO-OP PHARMACY (MT. LEHMAN),Abbotsford,778-655-5170,778-655-5171
OUT REACH PHARMACY LTD.,Nanaimo,(250) 753-9606,(250) 753-9608
OWL DRUGS,Vancouver,(604) 681-3024,(604) 681-3048
P & A PHARMACY,Vancouver,(604) 876-4424,(604) 876-8845
P.D.C. PHARMACY,Coquitlam,(604) 927-2620,(604) 941-0532
PACIFIC CARE PHARMACY,Vancouver,(604) 438-6200,(604) 438-6201
PACIFIC HEIGHTS PRESCRIPTION X-PRESS PHARMACY,New Westminster,(604) 244-4580,(604) 676-2625
PARK PACIFIC PHARMACY,Richmond,(604) 273-9812,(604) 270-2228
PARKRIDGE PHARMACY & HEALTH CENTRE,Enderby,(250) 838-5866,(250) 838-5877
PARKSVILLE PHARMACY,Parksville,(250) 586-2625,(250) 586-2626
PEAK HEALTH PHARMACY,Langley,(604) 918-8779,(604) 918-8739
PENDER ISLAND PHARMACY,Pender Island,(250) 629-6555,(250) 629-6533
PEOPLES INWELL PHARMACY,Burnaby,(604) 568-8713,(604) 568-8723
PEOPLES PHARMACY,Victoria,(250) 474-9331,(250) 474-9336
PEOPLES PHARMACY #325,Surrey,(604) 585-6227,(604) 585-0105
PEOPLES PHARMACY #369,Surrey,(604) 593-1788,(604) 593-1769
PEOPLES PHARMACY #377,Surrey,(604) 576-6815,(604) 576-6857
PEOPLES PHARMACY #387,North Vancouver,(604) 984-0686,(604) 984-2766
PEOPLES PHARMACY ALDERGROVE,Aldergrove,(604) 624-0660,(604) 624-0662
PEOPLES SHIFA PHARMACY,Surrey,(604) 502-7030,(604) 502-7031
PG GATEWAY PHARMACY,Prince George,(250) 564-9993,(250) 564-9997
PHARMACITY DRUGSTORE,Surrey,(604) 595-2873,(604) 595-2840
PHARMACITY DRUGSTORE #2,Abbotsford,(604) 855-8882,(604) 855-8836
PHARMACITY DRUGSTORE #3,Surrey,(604) 574-3331,(604) 574-3342
PHARMACY 24,Abbotsford,(604) 853-8884,(604) 853-8808
PHARMACY 24 NO 5,Surrey,(778) 218-4102,(778) 218-4103
PHARMATRUST PHARMACY #2,Vancouver,(604) 694-0988,(604) 694-0933
PHARMAWISE PHARMACY,Surrey,778-565-0600,778-565-0700
PHOENIX PHARMACY,Prince George,(250) 562-3383,(250) 562-5113
PIER HEALTH RESOURCE CENTRE,Vancouver,(604) 891-1480,(604) 891-1490
PLAZA PHARMACY,Abbotsford,(604) 504-4460,(604) 504-4465
POINT GREY PHARMACY,Vancouver,(604) 224-1377,(604) 225-0019
PORT ALICE PHARMACY,Port Alice,(250) 284-0261,(250) 284-0264
POSTRX WEST,Richmond,(236) 312-7300,(236) 312-7270
POWELL RIVER PHARMACY,Powell River,(604) 489-9272,(604) 489-9273
PRICESMART FOODS PHARMACY #2274 - RICHMOND,Richmond,(604) 278-8408,(604) 278-7227
PRICESMART FOODS PHARMACY #2280,Burnaby,(604) 899-1357,(236) 455-5092
PRICESMART FOODS PHARMACY #2281 - STATION SQUARE,Burnaby,(604) 433-3760,(604) 433-7109
PRIME CURE PHARMACY,Surrey,778-761-3131,778-761-3132
PRIME CURE PHARMACY NO. 2,Surrey,(604) 242-0323,(604) 242-0324
PRIME WEST PHARMACY,Surrey,(778) 359-1313,(778) 368-0069
PRIME WEST PHARMACY #3,Surrey,(604) 515-4422,(604) 930-3501
PRIMECARE PHARMACY,Surrey,(778) 654-0013,(778) 654-0039
PRINCETON PHARMACY,Princeton,(250) 295-7670,(250) 295-7650
PROMONTORY PHARMACY,Chilliwack,(604) 705-3800,(604) 705-3801
PURE CURE PHARMACY,Surrey,236-598-8896,236-598-8895
PURPLE PHARMACY,Mission,(604) 287-2245,(604) 287-2255
RAGE'S PHARMACY,Penticton,(250) 493-7200,(250) 493-7201
RAINDROP PHARMACY,Vancouver,(604) 373-9099,(604) 373-9099
RAINFOREST WELLNESS PHARMACY,Kitimat,(250) 632-2914,(250) 632-2750
REGENCY MEDICINE CENTRE,Richmond,(604) 273-5544,(604) 273-5037
REID STREET PHARMACY LTD.,Quesnel,(250) 985-0557,(250) 985-0535
REMEDY'SRX #263,Langley,(604) 534-8686,(604) 534-8383
REMEDY'SRX #298,Langley,(604) 534-6600,(604) 534-6076
REMEDY'SRX #367,Kelowna,(778) 484-3836,(778) 484-3837
REVELSTOKE FAMILY PHARMACY,Revelstoke,(250) 837-5191,(250) 837-5658
RIDGE MEADOWS PHARMACY,Maple Ridge,(604) 463-4771,(604) 463-4770
RIDGEWAY PHARMACY,Coquitlam,(604) 931-5252,(604) 931-8300
RISE CHC PHARMACY,Vancouver,(604) 558-8090,(778) 653-3558
RITECARE PHARMACY,Surrey,(778) 565-5925,(778) 565-5926
RITECARE PHARMACY #2,Surrey,(604) 372-3388,(604) 372-3387
ROSE PHARMACY,West Vancouver,(604) 281-4199,(604) 281-4198
ROSE VALLEY PHARMACY,West Kelowna,(778) 755-6715,(778) 755-6153
ROYAL DRUGS PHARMACY,Burnaby,(604) 294-1500,(604) 299-3940
ROYAL JUBILEE PRESCRIPTIONS,Victoria,(250) 370-8153,(250) 519-1823
RX COUNTER,Richmond,(604) 275-3279,(604) 275-2976
RX DRUG MART #1000,Burns Lake,(250) 692-7531,(250) 692-7398
RX DRUG MART #1001,Vanderhoof,(250) 567-2281,(250) 567-3934
RX DRUG MART #1002,Sechelt,(604) 885-9833,(604) 885-1071
RX PEOPLES PHARMACY,Maple Ridge,(604) 479-1661,(604) 479-1494
RX RAM PHARMACY SPECIALISTS (MILLSTONE),Nanaimo,(250) 591-0144,(250) 591-0145
RXCARE PHARMACY & COMPOUNDING,Burnaby,(604) 428-7911,(604) 428-7912
SAFEMED PHARMACY MARINE DRIVE,North Vancouver,(604) 770-4414,(604) 770-4415
SAFEMED PHARMACY MOUNTAIN HIGHWAY,North Vancouver,(604) 980-4446,(604) 980-4448
SAIGON PHARMACY,Vancouver,(604) 872-6708,(604) 874-6708
SALMO VALLEY PHARMACY,Salmo,(250) 357-9444,(888) 715-1813
SALMON ARM PRESCRIPTION CENTRE,Salmon Arm,(250) 804-0700,(250) 804-0790
SAM'S PHARMACY LTD.,Vancouver,(604) 688-6323,(604) 688-6323
SARDIS PHARMACY,Chilliwack,(604) 705-1030,(604) 705-1031
SATNAM PHARMACY,Surrey,(604) 597-5947,(604) 597-5945
SCOTT 75 PHARMACY,Surrey,(604) 503-8355,(604) 503-8356
SCOTT ROAD PHARMACY,Delta,(604) 591-5080,(604) 394-2115
SCOTTCARE PHARMACY,Surrey,(604) 498-0856,(604) 498-0857
SCRIPT CARE PHARMACY,Burnaby,(604) 415-9607,(604) 415-9608
SEABIRD PHARMACY,Agassiz,(604) 491-4477,(604) 491-4478
SENTREX PHARMACY,Vancouver,1-888-891-7539,(778) 309-6230
SERVICE PLUS #3,Richmond,(604) 278-8830,(604) 279-8961
SHAYONA PHARMACY,Surrey,(778) 738-1119,(778) 738-1109
SHUSWAP VALLEY PHARMACY,Salmon Arm,(250) 835-1095,(250) 835-1108
SILVERMERE PHARMACY,Mission,(604) 820-8002,(604) 820-8040
SINA PHARMACY,Vancouver,(604) 336-7462,(604) 336-7461
SMART SAVE PHARMACY,Surrey,(778) 565-5760,(778) 565-5761
SOLACE PHARMACY,North Vancouver,(604) 971-4444,(604) 971-0099
SOMERSET PHARMACY SERVICES,Surrey,(604) 590-5509,(604) 590-5523
SOUL RX,Maple Ridge,(604) 479-9791,(604) 479-9792
SOUTH SLOPE PHARMACY,Burnaby,(604) 245-5299,(604) 245-5299
SOUTHLAND PHARMACY,Vancouver,(604) 266-2882,(604) 263-9850
SPARWOOD REMEDY'S RX,Sparwood,(250) 425-6604,(250) 425-6614
SPRUCE SPECIALTY PHARMACY,Surrey,(604) 359-5003,(604) 398-8515
ST. ANTHONY'S CLINIC PHARMACY #2,Victoria,(250) 478-8338,(250) 478-7866
ST. RAPHAEL PHARMACY,Abbotsford,(604) 744-2038,(604) 744-2064
STEPPING STONE PHARMACY,Vancouver,(604) 282-3973,(604) 282-3974
STEVESTON PHARMACY,Richmond,(604) 271-2820,(604) 272-2863
STUART LAKE PHARMACY,Fort St. James,(250) 996-7815,(250) 996-7659
SUKH'S PHARMACY,Surrey,(604) 594-0069,(604) 594-0804
SULLIVAN HEIGHTS PHARMACY,Surrey,(778) 564-0018,(778) 564-0012
SUMMERLAND PHARMACY,Summerland,(250) 494-0531,(250) 494-0778
SUN VALLEY PHARMACY,Osoyoos,(778) 738-1115,(236) 577-2982
SUNCOAST PHARMACY,Sechelt,(604) 885-2899,(604) 885-2820
SUNCOAST PHARMACY #15,Madeira Park,(604) 883-2888,(604) 883-2804
SUNNYSIDE EVERGREEN PHARMACY,Surrey,(604) 536-4404,(604) 536-4572
SUNSET PHARMACY LTD.,Burnaby,(604) 435-3830,(604) 435-3834
SUNWEST PHARMACY,Surrey,(778) 293-2273,(778) 293-2274
SUPER-CARE PHARMACY,Chilliwack,(604) 792-6260,(604) 792-6217
SUPERSAVE PHARMACY,Vancouver,(604) 438-5773,(604) 438-5767
SUPRA NORTHSHORE PHARMACY,Kamloops,(250) 434-4441,(250) 434-4449
SURREY PHARMACY,Surrey,(604) 572-3060,(604) 572-3065
SURREY TRUE HEALTH PHARMACY INC.,Surrey,(604) 954-1581,1(833) 444-0309
TANG'S PRESCRIPTIONS,Prince George,(250) 596-6888,(250) 596-6889
TELUS HEALTH VIRTUAL PHARMACY,Richmond,(604) 370-1999,(604) 370-2030
THE DRIVE PHARMACY,Vancouver,(604) 254-0133,(604) 254-0134
THE PHARMACY LANGLEY,Langley,(778) 277-0024,(778) 277-0025
THIRD AVENUE PHARMACY,Prince George,(250) 564-7147,(250) 564-2517
THREE RIVERS PHARMACY,Hazelton,(250) 842-6040,(250) 842-0154
THRIFTY FOODS AND PHARMACY #9454,Victoria,(250) 386-8337,(250) 386-8334
THRIFTY FOODS AND PHARMACY #9458,Parksville,(250) 947-2535,(250) 947-2536
THRIFTY FOODS AND PHARMACY #9461,Victoria,(250) 382-2881,(250) 382-2801
THRIFTY FOODS AND PHARMACY #9464,Nanaimo,(250) 729-7240,(250) 729-9802
THRIFTY FOODS AND PHARMACY #9467,Campbell River,(250) 850-3585,(250) 850-3586
THRIFTY FOODS AND PHARMACY #9470,Port Moody,(604) 949-4253,(604) 949-4254
THRIFTY FOODS AND PHARMACY #9471,Duncan,(250) 715-2654,(250) 715-2655
THRIFTY FOODS AND PHARMACY #9472,Surrey,(604) 542-7853,(604) 542-7854
THRIFTY FOODS AND PHARMACY #9478,Courtenay,(250) 331-5103,(250) 331-5104
THRIFTY FOODS AND PHARMACY #9480,Langford,250-391-4048,250-391-4073
THRIFTY FOODS AND PHARMACY #9481,Courtenay,(250) 331-4999,(250) 331-4991
THRIVE PHARMACY,Surrey,(604) 498-4444,(604) 498-8266
TOFINO PHARMACY,Tofino,(250) 725-3101,(250) 725-4491
TOTALCARE RX,Burnaby,(604) 451-0005,(604) 451-0007
TSAWWASSEN PHARMACY,Delta,(604) 943-9341,(604) 943-2935
TURTLE BAY PHARMACY,Lake Country,(778) 480-6644,(778) 480-8100
UCLUELET CO-OP PHARMACY,Ucluelet,(250) 726-4342,(250) 726-2760
UNICARE PHARMACY,Vancouver,(604) 438-5155,(604) 438-5155
UNIONBAY PHARMACY,Union Bay,(250) 335-4590,(250) 335-4592
UNIVERSAL PHARMACY,Surrey,(604) 594-9535,(604) 594-9540
UNIVERSITY HEIGHTS PHARMACY,Victoria,(250) 590-8886,(250) 590-8377
UPRX,Burnaby,604-291-1094,604-291-0827
UPTOWN DRUGS PEOPLES PHARMACY,New Westminster,(604) 520-3009,(833) 694-1527
URBAN FARE PHARMACY #7614 - YALETOWN,Vancouver,(604) 975-7544,(604) 975-7551
UVIC CAMPUS PHARMACY,Victoria,(250) 721-3400,(250) 472-5183
VALLEY OUTREACH PHARMACY,Aldergrove,(604) 381-5977,(604) 381-5978
VALUE DRUG MART WILLOUGHBY,Langley,(236) 471-6978,(236) 471-6977
VANCOUVER PHARMACY,Vancouver,(604) 669-5990,(604) 669-5981
VANDERHOOF MEDICINE CENTRE,Vanderhoof,(250) 567-5568,(250) 567-5561
VEDDER PHARMACY,Chilliwack,(604) 647-3571,(604) 800-0628
VIEW ST. PHARMACY,Victoria,(250) 361-3773,(250) 361-3730
VILLAGE PHARMACY,Burnaby,(604) 421-4388,(604) 421-4589
VINA PHARMACY,Vancouver,(604) 669-1623,(604) 669-1623
VIVA MED PHARMACY,Delta,(604) 599-9442,(604) 599-9380
WALLACE PHARMACY,Nanaimo,(250) 753-8686,(250) 753-8871
WAL-MART PHARMACY #1011,Trail,(250) 364-2707,1-(855)-983-1231
WAL-MART PHARMACY #1015,Squamish,(604) 815-4630,(604) 815-4657
WAL-MART PHARMACY #1018,Port Alberni,(250) 720-0916,1-855-983-0996
WAL-MART PHARMACY #1036,Merritt,(250) 315-1371,(250) 315-1356
WAL-MART PHARMACY #1077,Campbell River,(250) 287-2372,(250) 287-7335
WAL-MART PHARMACY #1093,Westbank,(250) 768-1759,(250) 768-3204
WAL-MART PHARMACY #1100,Salmon Arm,(250) 803-4403,1 (855) 983-1015
WAL-MART PHARMACY #1104,Vancouver,(604) 435-6150,(604) 435-6437
WAL-MART PHARMACY #1106,Williams Lake,(250) 305-6899,(250) 305-1145
WAL-MART PHARMACY #1112,Port Coquitlam,(604) 472-1260,(604) 472-1216
WAL-MART PHARMACY #1113,Abbotsford,(604) 504-2070,(604) 504-2093
WAL-MART PHARMACY #1119,Mission,(604) 820-4248,(604) 820-8046
WAL-MART PHARMACY #1181,Tsawwassen,(778) 783-5381,(604) 948-0642
WAL-MART PHARMACY #1192,New Westminster,(604) 395-8482,(604) 395-8304
WAL-MART PHARMACY #1205,Surrey,(604) 495-8698,(604) 495-8682
WAL-MART PHARMACY #1206,Maple Ridge,(778) 306-9937,(604) 467-0916
WAL-MART PHARMACY #1207,Delta,(604) 595-3618,(604) 595-5553
WAL-MART PHARMACY #1208,Coquitlam,(778) 284-3311,(778) 284-2542
WAL-MART PHARMACY #1213,Burnaby,(778) 328-1121,(778) 783-4275
WAL-MART PHARMACY #1214,Victoria,(250) 220-2573,(250) 410-1251
WAL-MART PHARMACY #3008,Burnaby,(604) 421-0353,(604) 421-5941
WAL-MART PHARMACY #3019,Abbotsford,(604) 854-1375,(604) 854-1477
WAL-MART PHARMACY #3025,Duncan,(250) 748-1226,1-855-983-1031
WAL-MART PHARMACY #3040,Kamloops,(250) 374-8874,(250) 377-0125
WAL-MART PHARMACY #3042,Kelowna,(250) 860-9145,(250) 860-8172
WAL-MART PHARMACY #3057,North Vancouver,(604) 984-3441,(604) 984-3345
WAL-MART PHARMACY #3059,Nanaimo,(250) 390-2334,(250) 390-2611
WAL-MART PHARMACY #3060,Nelson,(250) 352-7842,(250) 352-3090
WAL-MART PHARMACY #3070,Penticton,(250) 493-6677,(250) 493-7318
WAL-MART PHARMACY #3072,Powell River,(604) 485-0141,1-855-983-1054
WAL-MART PHARMACY #3098,Surrey,(604) 585-7440,(604) 588-3759
WAL-MART PHARMACY #3109,Victoria,(250) 475-7512,(250) 475-7506
WAL-MART PHARMACY #3158,Langley,(604) 539-5230,(604) 539-5290
WAL-MART PHARMACY #3163,Courtenay,(250) 898-8955,(250) 898-8954
WAL-MART PHARMACY #3167,Chilliwack,(604) 792-7638,(604) 792-7643
WAL-MART PHARMACY #3169,Vernon,(250) 558-0562,(250) 558-0591
WAL-MART PHARMACY #3183,Cranbrook,(250) 489-5338,(250) 489-5008
WAL-MART PHARMACY #3188,Victoria,(250) 391-0244,(250) 391-0813
WAL-MART PHARMACY #3199,Quesnel,(833) 768-1326,(250) 747-2368
WAL-MART PHARMACY #3651,Prince George,(250) 906-3206,(250) 906-3263
WAL-MART PHARMACY #3652,Richmond,(604) 288-4396,(778) 783-5389
WAL-MART PHARMACY #3661,Fort St. John,(250) 261-5585,(250) 261-5556
WAL-MART PHARMACY #5776,Dawson Creek,(250) 719-0241,(250) 719-0238
WAL-MART PHARMACY #5777,New Westminster,(604) 524-1264,(604) 524-1329
WAL-MART PHARMACY #5834,Terrace,(250) 615-2047,(250) 615-3247
WAL-MART PHARMACY #5838,Surrey,(604) 597-9169,(604) 597-6178
WAL-MART PHARMACY #5853,Surrey,(604) 541-8567,(604) 541-6074
WE CARE PHARMACY #2,Surrey,(778) 565-7988,(778) 565-7989
WE CARE PHARMACY #3,Surrey,(778) 564-1898,(778) 564-1897
WE PHARMACY,Langley,(778) 366-5400,(778) 366-5401
WELL PHARMACY,Penticton,(778) 476-1492,(778) 476-1711
WELLCARE RX,Delta,(604) 572-7755,(604) 572-7752
WESCANA PHARMACY DELTA,Delta,(604) 591-7453,(604) 591-7463
WEST 10TH MEDICAL PHARMACY LTD.,Vancouver,(604) 222-2028,(604) 222-2086
WEST END MEDICINE CENTRE,New Westminster,(604) 522-5636,(604) 524-6488
WHATCOM PHARMACY AND COMPOUNDING,Abbotsford,(604) 744-1266,(604) 744-1267
WILSON PHARMACY,Port Coquitlam,(604) 942-4611,(604) 942-1554
WILSON PHARMACY NO. 2,Port Coquitlam,(778) 285-2800,(604) 554-0201
WINMED PHARMACY,Abbotsford,(604) 746-0201,(604) 746-0203
YALE PHARMACY,Vancouver,(604) 692-0211,(604) 683-0211
YALE ROAD PHARMACY,Chilliwack,(604) 795-1157,(604) 702-0656
YNP FRASER PHARMACY,Vancouver,(604) 669-4364,(604) 669-4308
YORK PHARMACY,Surrey,(604) 598-4679,(604) 598-4684
YORKSON PHARMACY,Langley,(778) 366-3552,(778) 366-3559
